Filename,hse_type,region,HOT2XP_CITY
11EWA00016.HDF,1-SD,5-BC,VANCOUVER
11EWA00033.HDF,1-SD,5-BC,VICTORIA
11EWA00038.HDF,1-SD,5-BC,VICTORIA
11EWA00045.HDF,2-DR,5-BC,VICTORIA
11EWA00048.HDF,1-SD,5-BC,VICTORIA
11EWA00050.HDF,1-SD,5-BC,VICTORIA
11JMA00039.HDF,1-SD,5-BC,VICTORIA
11JMA00041.HDF,1-SD,5-BC,VICTORIA
11JMA00044.HDF,1-SD,5-BC,VICTORIA
11JMA00046.HDF,1-SD,5-BC,VICTORIA
11JMA00050.HDF,1-SD,5-BC,VICTORIA
11JMA00056.HDF,1-SD,5-BC,VICTORIA
11JMA00058.HDF,1-SD,5-BC,VICTORIA
11JMA00067.HDF,1-SD,5-BC,VICTORIA
11JMA00072.HDF,1-SD,5-BC,VICTORIA
11JMA00074.HDF,1-SD,5-BC,VICTORIA
11JMA00076.HDF,1-SD,5-BC,VANCOUVER
11JMA00078.HDF,1-SD,5-BC,VANCOUVER
11JMA00079.HDF,1-SD,5-BC,VICTORIA
11JMA00080.HDF,1-SD,5-BC,VANCOUVER
11JMA00084.HDF,1-SD,5-BC,VANCOUVER
11JMA00086.HDF,1-SD,5-BC,VICTORIA
11WSA00032.HDF,1-SD,5-BC,VICTORIA
11WSA00077.HDF,1-SD,5-BC,VICTORIA
11WSA00078.HDF,1-SD,5-BC,VICTORIA
11WSA00084.HDF,1-SD,5-BC,VICTORIA
11WSA00092.HDF,1-SD,5-BC,VICTORIA
11WSA00138.HDF,1-SD,5-BC,VICTORIA
11WSA00142.HDF,1-SD,5-BC,VICTORIA
11WSA00198.HDF,1-SD,5-BC,VICTORIA
11WSA00205.HDF,1-SD,5-BC,VICTORIA
11WSA00208.HDF,1-SD,5-BC,VICTORIA
11WSA00210.HDF,1-SD,5-BC,VICTORIA
11WSA00257.HDF,1-SD,5-BC,VICTORIA
11WSA00263.HDF,1-SD,5-BC,VICTORIA
11WSA00313.HDF,1-SD,5-BC,VANCOUVER
11WSA00429.HDF,1-SD,5-BC,VICTORIA
11WSA00431.HDF,1-SD,5-BC,VICTORIA
11WSA00435.HDF,1-SD,5-BC,VICTORIA
11WSA00437.HDF,1-SD,5-BC,VICTORIA
11WSA00445.HDF,1-SD,5-BC,VICTORIA
11WSA00450.HDF,1-SD,5-BC,VICTORIA
11WSA00452.HDF,1-SD,5-BC,VICTORIA
11WSA00453.HDF,1-SD,5-BC,VICTORIA
11WSA00454.HDF,1-SD,5-BC,VICTORIA
11WSA00455.HDF,1-SD,5-BC,VICTORIA
11WSA00456.HDF,1-SD,5-BC,VICTORIA
11WSA00457.HDF,1-SD,5-BC,VICTORIA
11WSA00463.HDF,1-SD,5-BC,VICTORIA
11WSA00475.HDF,1-SD,5-BC,VICTORIA
11WSA00479.HDF,1-SD,5-BC,VICTORIA
11WSA00485.HDF,1-SD,5-BC,VICTORIA
11WSA00487.HDF,1-SD,5-BC,VICTORIA
11WSA00488.HDF,1-SD,5-BC,VICTORIA
11WSA00489.HDF,1-SD,5-BC,VICTORIA
2207A00103.HDF,1-SD,5-BC,SMITHERS
2207A00104.HDF,1-SD,5-BC,PRINCE RUPERT
2207A00105.HDF,1-SD,5-BC,PRINCE RUPERT
2207A00111.HDF,1-SD,5-BC,WILLIAMS LAKE
2207A00113.HDF,1-SD,5-BC,WILLIAMS LAKE
2207A00122.HDF,1-SD,5-BC,PRINCE GEORGE
2207A00129.HDF,1-SD,5-BC,FORT ST. JOHN
2207A00168.HDF,1-SD,5-BC,FORT ST. JOHN
2207A00170.HDF,1-SD,5-BC,FORT ST. JOHN
2207A00171.HDF,1-SD,5-BC,FORT ST. JOHN
2207A00174.HDF,1-SD,5-BC,FORT ST. JOHN
2207A00185.HDF,2-DR,5-BC,PRINCE GEORGE
2207A00196.HDF,1-SD,5-BC,PRINCE GEORGE
2207A00203.HDF,2-DR,5-BC,PRINCE RUPERT
2207A00208.HDF,1-SD,5-BC,SMITHERS
2207A00212.HDF,1-SD,5-BC,PRINCE GEORGE
2207A00218.HDF,2-DR,5-BC,FORT ST. JOHN
2207A00223.HDF,1-SD,5-BC,PRINCE GEORGE
2207A00230.HDF,1-SD,5-BC,PRINCE GEORGE
2207A00238.HDF,1-SD,5-BC,SMITHERS
2207A00242.HDF,1-SD,5-BC,FORT ST. JOHN
2207A00245.HDF,1-SD,5-BC,FORT ST. JOHN
2207A00340.HDF,1-SD,5-BC,SMITHERS
2207A00341.HDF,1-SD,5-BC,PRINCE GEORGE
2207A00389.HDF,1-SD,5-BC,SMITHERS
2207A00394.HDF,1-SD,5-BC,SMITHERS
2207A00395.HDF,1-SD,5-BC,PRINCE RUPERT
2207A00396.HDF,2-DR,5-BC,PRINCE RUPERT
2207A00400.HDF,1-SD,5-BC,SMITHERS
2207A00402.HDF,2-DR,5-BC,PRINCE RUPERT
2207A00403.HDF,1-SD,5-BC,SMITHERS
2207A00405.HDF,1-SD,5-BC,SMITHERS
2207A00409.HDF,1-SD,5-BC,PRINCE RUPERT
2207A00410.HDF,1-SD,5-BC,PRINCE RUPERT
2207A00411.HDF,2-DR,5-BC,PRINCE RUPERT
2207A00416.HDF,1-SD,5-BC,PRINCE RUPERT
2207A00419.HDF,1-SD,5-BC,PRINCE RUPERT
2207A00423.HDF,1-SD,5-BC,SMITHERS
2207A00425.HDF,1-SD,5-BC,SMITHERS
2207A00429.HDF,1-SD,5-BC,SMITHERS
2207A00431.HDF,2-DR,5-BC,SMITHERS
2207A00433.HDF,1-SD,5-BC,SMITHERS
2207A00444.HDF,1-SD,5-BC,SMITHERS
2207A00445.HDF,1-SD,5-BC,SMITHERS
2207A00447.HDF,1-SD,5-BC,SMITHERS
2207A00450.HDF,1-SD,5-BC,SMITHERS
2207A00451.HDF,1-SD,5-BC,SMITHERS
2207A00455.HDF,2-DR,5-BC,SMITHERS
2207A00458.HDF,1-SD,5-BC,SMITHERS
2207A00459.HDF,1-SD,5-BC,PRINCE RUPERT
2207A00461.HDF,1-SD,5-BC,PRINCE RUPERT
2207A00462.HDF,1-SD,5-BC,PRINCE RUPERT
2207A00463.HDF,1-SD,5-BC,PRINCE RUPERT
2207A00465.HDF,1-SD,5-BC,SMITHERS
2207A00466.HDF,1-SD,5-BC,SMITHERS
2207A00469.HDF,1-SD,5-BC,SMITHERS
2207A00475.HDF,1-SD,5-BC,SMITHERS
2207A00478.HDF,1-SD,5-BC,SMITHERS
2207A00479.HDF,1-SD,5-BC,SMITHERS
2207A00483.HDF,1-SD,5-BC,SMITHERS
2207A00487.HDF,1-SD,5-BC,PRINCE RUPERT
2207A00489.HDF,2-DR,5-BC,PRINCE RUPERT
2207A00494.HDF,1-SD,5-BC,SMITHERS
2207A00496.HDF,1-SD,5-BC,SMITHERS
2207A00511.HDF,1-SD,5-BC,SMITHERS
2207A00518.HDF,1-SD,5-BC,SMITHERS
2207A00521.HDF,1-SD,5-BC,SMITHERS
2207A00525.HDF,1-SD,5-BC,SMITHERS
2207A00527.HDF,1-SD,5-BC,SMITHERS
2207A00538.HDF,1-SD,5-BC,SMITHERS
2207A00551.HDF,1-SD,5-BC,SMITHERS
2207A00553.HDF,1-SD,5-BC,SMITHERS
2207A00555.HDF,1-SD,5-BC,SMITHERS
2207A00557.HDF,1-SD,5-BC,SMITHERS
2207A00558.HDF,1-SD,5-BC,SMITHERS
2207A00559.HDF,1-SD,5-BC,SMITHERS
2207A00564.HDF,2-DR,5-BC,SMITHERS
2207A00571.HDF,1-SD,5-BC,SMITHERS
2207A00573.HDF,1-SD,5-BC,SMITHERS
2207A00575.HDF,1-SD,5-BC,SMITHERS
2207A00576.HDF,1-SD,5-BC,SMITHERS
2207A00583.HDF,1-SD,5-BC,SMITHERS
2207A00584.HDF,1-SD,5-BC,SMITHERS
2207A00585.HDF,1-SD,5-BC,SMITHERS
2207A00588.HDF,1-SD,5-BC,SMITHERS
2207A00592.HDF,1-SD,5-BC,SMITHERS
2207A00609.HDF,1-SD,5-BC,SMITHERS
2207A00610.HDF,1-SD,5-BC,SMITHERS
2207A00611.HDF,1-SD,5-BC,SMITHERS
2207A00613.HDF,1-SD,5-BC,SMITHERS
2207A00614.HDF,1-SD,5-BC,SMITHERS
2207A00617.HDF,1-SD,5-BC,SMITHERS
2207A00622.HDF,1-SD,5-BC,SMITHERS
2207A00623.HDF,1-SD,5-BC,SMITHERS
2211A00006.HDF,1-SD,5-BC,VANCOUVER
2211A00007.HDF,1-SD,5-BC,VANCOUVER
2211A00008.HDF,1-SD,5-BC,VANCOUVER
2211A00015.HDF,1-SD,5-BC,VANCOUVER
2211A00020.HDF,2-DR,5-BC,VANCOUVER
2211A00024.HDF,1-SD,5-BC,VANCOUVER
2211A00030.HDF,1-SD,5-BC,VANCOUVER
2211A00031.HDF,1-SD,5-BC,VANCOUVER
2211A00036.HDF,2-DR,5-BC,VANCOUVER
2211A00043.HDF,1-SD,5-BC,VANCOUVER
2211A00049.HDF,1-SD,5-BC,VANCOUVER
2211A00054.HDF,1-SD,5-BC,VANCOUVER
2211A00064.HDF,2-DR,5-BC,VANCOUVER
2211A00078.HDF,1-SD,5-BC,VANCOUVER
2211A00106.HDF,1-SD,5-BC,VANCOUVER
2211A00114.HDF,2-DR,5-BC,VANCOUVER
2211A00125.HDF,1-SD,5-BC,VANCOUVER
2211A00126.HDF,1-SD,5-BC,VANCOUVER
2211A00130.HDF,1-SD,5-BC,VANCOUVER
2211A00134.HDF,1-SD,5-BC,VANCOUVER
2211A00151.HDF,1-SD,5-BC,VANCOUVER
2211A00156.HDF,1-SD,5-BC,VANCOUVER
2211A00159.HDF,2-DR,5-BC,VANCOUVER
2211A00162.HDF,1-SD,5-BC,VANCOUVER
2211A00174.HDF,1-SD,5-BC,VANCOUVER
2211A00181.HDF,2-DR,5-BC,VANCOUVER
2211A00193.HDF,1-SD,5-BC,VANCOUVER
2211A00200.HDF,2-DR,5-BC,VANCOUVER
2211A00202.HDF,2-DR,5-BC,VANCOUVER
2211A00203.HDF,1-SD,5-BC,VANCOUVER
2211A00208.HDF,1-SD,5-BC,VANCOUVER
2211A00210.HDF,2-DR,5-BC,VANCOUVER
2211A00213.HDF,1-SD,5-BC,VANCOUVER
2211A00217.HDF,1-SD,5-BC,VANCOUVER
2211A00229.HDF,1-SD,5-BC,VANCOUVER
2211A00238.HDF,1-SD,5-BC,VANCOUVER
2211A00242.HDF,1-SD,5-BC,VANCOUVER
2211A00248.HDF,1-SD,5-BC,VANCOUVER
2211A00263.HDF,1-SD,5-BC,VANCOUVER
2211A00275.HDF,1-SD,5-BC,VANCOUVER
2211A00310.HDF,2-DR,5-BC,VANCOUVER
2211A00323.HDF,1-SD,5-BC,VANCOUVER
2211A00324.HDF,1-SD,5-BC,VANCOUVER
2211A00325.HDF,1-SD,5-BC,VANCOUVER
2211A00341.HDF,1-SD,5-BC,VANCOUVER
2213A00050.HDF,1-SD,5-BC,VANCOUVER
2213A00062.HDF,1-SD,5-BC,VANCOUVER
2213A00121.HDF,2-DR,5-BC,VANCOUVER
2213A00226.HDF,1-SD,5-BC,VANCOUVER
2213A00334.HDF,2-DR,5-BC,VANCOUVER
2213A00335.HDF,1-SD,5-BC,VANCOUVER
2213A00336.HDF,1-SD,5-BC,VANCOUVER
2213A00338.HDF,1-SD,5-BC,VANCOUVER
2213A00339.HDF,1-SD,5-BC,VANCOUVER
2213A00344.HDF,1-SD,5-BC,VANCOUVER
2213A00357.HDF,2-DR,5-BC,VANCOUVER
2213A00423.HDF,1-SD,5-BC,VANCOUVER
2213A00425.HDF,1-SD,5-BC,VANCOUVER
2213A00427.HDF,1-SD,5-BC,VANCOUVER
2213A00430.HDF,1-SD,5-BC,VANCOUVER
2213A00434.HDF,1-SD,5-BC,VANCOUVER
2213A00439.HDF,1-SD,5-BC,VANCOUVER
2213A00442.HDF,1-SD,5-BC,VANCOUVER
2213A00446.HDF,2-DR,5-BC,ABBOTSFORD
2213A00448.HDF,1-SD,5-BC,ABBOTSFORD
2213A00453.HDF,1-SD,5-BC,VANCOUVER
2213A00456.HDF,2-DR,5-BC,VANCOUVER
2213A00457.HDF,2-DR,5-BC,ABBOTSFORD
2213A00462.HDF,2-DR,5-BC,VANCOUVER
2213A00463.HDF,2-DR,5-BC,VANCOUVER
2213A00466.HDF,1-SD,5-BC,ABBOTSFORD
2213A00468.HDF,1-SD,5-BC,VANCOUVER
2213A00470.HDF,1-SD,5-BC,ABBOTSFORD
2213A00476.HDF,1-SD,5-BC,VANCOUVER
2213A00484.HDF,2-DR,5-BC,VANCOUVER
2213A00489.HDF,2-DR,5-BC,VANCOUVER
2213A00490.HDF,2-DR,5-BC,VANCOUVER
2213A00495.HDF,1-SD,5-BC,ABBOTSFORD
2213A00507.HDF,1-SD,5-BC,VANCOUVER
2213A00511.HDF,1-SD,5-BC,VANCOUVER
2213A00524.HDF,1-SD,5-BC,VANCOUVER
2213A00525.HDF,1-SD,5-BC,VANCOUVER
2213A00537.HDF,1-SD,5-BC,VANCOUVER
2213A00538.HDF,1-SD,5-BC,VANCOUVER
2213A00543.HDF,1-SD,5-BC,ABBOTSFORD
2213A00550.HDF,1-SD,5-BC,VANCOUVER
2213A00552.HDF,1-SD,5-BC,VANCOUVER
2213A00555.HDF,1-SD,5-BC,VANCOUVER
2213A00561.HDF,1-SD,5-BC,VANCOUVER
2213A00569.HDF,1-SD,5-BC,VANCOUVER
2213A00575.HDF,1-SD,5-BC,VANCOUVER
2213A00577.HDF,1-SD,5-BC,VANCOUVER
2213A00578.HDF,1-SD,5-BC,VANCOUVER
2213A00580.HDF,1-SD,5-BC,VANCOUVER
2213A00583.HDF,1-SD,5-BC,VANCOUVER
2213A00587.HDF,1-SD,5-BC,VANCOUVER
2213A00595.HDF,2-DR,5-BC,VANCOUVER
2213A00600.HDF,1-SD,5-BC,VANCOUVER
2213A00601.HDF,1-SD,5-BC,VANCOUVER
2213A00603.HDF,1-SD,5-BC,VANCOUVER
2213A00611.HDF,2-DR,5-BC,VANCOUVER
2213A00617.HDF,1-SD,5-BC,VANCOUVER
2213A00618.HDF,2-DR,5-BC,VANCOUVER
2213A00620.HDF,1-SD,5-BC,VANCOUVER
2213A00621.HDF,1-SD,5-BC,VANCOUVER
2213A00627.HDF,1-SD,5-BC,VANCOUVER
2213A00629.HDF,1-SD,5-BC,VANCOUVER
2213A00631.HDF,1-SD,5-BC,VANCOUVER
2213A00635.HDF,2-DR,5-BC,VANCOUVER
2213A00639.HDF,2-DR,5-BC,VANCOUVER
2213A00641.HDF,2-DR,5-BC,VANCOUVER
2213A00646.HDF,1-SD,5-BC,VANCOUVER
2213A00650.HDF,1-SD,5-BC,VANCOUVER
2213A00654.HDF,1-SD,5-BC,VANCOUVER
2213A00656.HDF,1-SD,5-BC,VANCOUVER
2213A00657.HDF,1-SD,5-BC,VANCOUVER
2213A00665.HDF,1-SD,5-BC,ABBOTSFORD
2213A00685.HDF,1-SD,5-BC,VANCOUVER
2213A00696.HDF,1-SD,5-BC,VANCOUVER
2213A00699.HDF,1-SD,5-BC,VANCOUVER
2213A00704.HDF,1-SD,5-BC,VANCOUVER
2213A00707.HDF,1-SD,5-BC,VANCOUVER
2213A00711.HDF,1-SD,5-BC,VANCOUVER
2213A00721.HDF,1-SD,5-BC,VANCOUVER
2213A00723.HDF,1-SD,5-BC,VANCOUVER
2213A00733.HDF,1-SD,5-BC,VANCOUVER
2213A00739.HDF,2-DR,5-BC,VANCOUVER
2213A00741.HDF,2-DR,5-BC,VANCOUVER
2213A00748.HDF,1-SD,5-BC,VANCOUVER
2213A00749.HDF,1-SD,5-BC,ABBOTSFORD
2213A00750.HDF,1-SD,5-BC,VANCOUVER
2213A00751.HDF,1-SD,5-BC,VANCOUVER
2213A00752.HDF,1-SD,5-BC,VANCOUVER
2213A00753.HDF,1-SD,5-BC,VANCOUVER
2213A00754.HDF,2-DR,5-BC,VANCOUVER
2213A00762.HDF,1-SD,5-BC,VANCOUVER
2213A00769.HDF,2-DR,5-BC,VANCOUVER
2213A00779.HDF,1-SD,5-BC,ABBOTSFORD
2213A00788.HDF,1-SD,5-BC,VANCOUVER
2213A00797.HDF,1-SD,5-BC,VANCOUVER
2213A00799.HDF,1-SD,5-BC,VANCOUVER
2213A00800.HDF,1-SD,5-BC,VANCOUVER
2213A00802.HDF,1-SD,5-BC,VANCOUVER
2213A00808.HDF,2-DR,5-BC,VANCOUVER
2213A00809.HDF,2-DR,5-BC,VANCOUVER
2213A00816.HDF,1-SD,5-BC,VANCOUVER
2213A00817.HDF,1-SD,5-BC,VANCOUVER
2213A00818.HDF,1-SD,5-BC,VANCOUVER
2213A00819.HDF,1-SD,5-BC,VANCOUVER
2213A00822.HDF,1-SD,5-BC,VANCOUVER
2213A00823.HDF,1-SD,5-BC,VANCOUVER
2213A00826.HDF,2-DR,5-BC,VANCOUVER
2213A00831.HDF,1-SD,5-BC,VANCOUVER
2213A00833.HDF,1-SD,5-BC,ABBOTSFORD
2213A00838.HDF,1-SD,5-BC,VANCOUVER
2213A00840.HDF,1-SD,5-BC,VANCOUVER
2213A00842.HDF,1-SD,5-BC,VANCOUVER
2213A00843.HDF,2-DR,5-BC,VANCOUVER
2213A00844.HDF,1-SD,5-BC,VANCOUVER
2213A00866.HDF,2-DR,5-BC,VANCOUVER
2213A00872.HDF,1-SD,5-BC,VANCOUVER
2213A00874.HDF,1-SD,5-BC,VANCOUVER
2213A00879.HDF,1-SD,5-BC,ABBOTSFORD
2213A00880.HDF,1-SD,5-BC,VANCOUVER
2213A00882.HDF,1-SD,5-BC,VANCOUVER
2213A00885.HDF,1-SD,5-BC,VANCOUVER
2213A00888.HDF,1-SD,5-BC,VANCOUVER
2213A00894.HDF,1-SD,5-BC,VANCOUVER
2213A00903.HDF,1-SD,5-BC,VANCOUVER
2213A00904.HDF,1-SD,5-BC,VANCOUVER
2213A00905.HDF,1-SD,5-BC,VANCOUVER
2213A00907.HDF,1-SD,5-BC,VANCOUVER
2213A00912.HDF,1-SD,5-BC,VANCOUVER
2213A00921.HDF,1-SD,5-BC,VANCOUVER
2213A00928.HDF,1-SD,5-BC,VANCOUVER
2213A00936.HDF,1-SD,5-BC,VANCOUVER
2213A00942.HDF,1-SD,5-BC,VANCOUVER
2213A00948.HDF,1-SD,5-BC,VANCOUVER
2213A01287.HDF,1-SD,5-BC,VANCOUVER
2213A01289.HDF,1-SD,5-BC,VANCOUVER
2213A01295.HDF,1-SD,5-BC,VANCOUVER
2213A01296.HDF,1-SD,5-BC,VANCOUVER
2213A01305.HDF,1-SD,5-BC,VANCOUVER
2213A01310.HDF,1-SD,5-BC,VANCOUVER
2213A01314.HDF,1-SD,5-BC,VANCOUVER
2213A01315.HDF,1-SD,5-BC,VANCOUVER
2213A01316.HDF,1-SD,5-BC,VANCOUVER
2213A01320.HDF,1-SD,5-BC,VANCOUVER
2213A01328.HDF,2-DR,5-BC,VANCOUVER
2213A01383.HDF,1-SD,5-BC,VANCOUVER
2213A01392.HDF,1-SD,5-BC,VANCOUVER
2213A01404.HDF,1-SD,5-BC,VANCOUVER
2213A01504.HDF,2-DR,5-BC,VANCOUVER
2213A01532.HDF,1-SD,5-BC,VANCOUVER
2213A01536.HDF,1-SD,5-BC,VANCOUVER
2213A01545.HDF,1-SD,5-BC,VANCOUVER
2213A01556.HDF,1-SD,5-BC,VANCOUVER
2213A01558.HDF,1-SD,5-BC,VANCOUVER
2213A01560.HDF,2-DR,5-BC,VANCOUVER
2213A01561.HDF,1-SD,5-BC,VANCOUVER
2213A01568.HDF,1-SD,5-BC,VANCOUVER
2213A01573.HDF,1-SD,5-BC,VANCOUVER
2213A01577.HDF,1-SD,5-BC,VANCOUVER
2213A01578.HDF,1-SD,5-BC,VANCOUVER
2213A01579.HDF,1-SD,5-BC,VANCOUVER
2213A01584.HDF,1-SD,5-BC,VANCOUVER
2213A01586.HDF,1-SD,5-BC,VANCOUVER
2213A01590.HDF,1-SD,5-BC,VANCOUVER
2213A01591.HDF,1-SD,5-BC,VANCOUVER
2213A01592.HDF,2-DR,5-BC,VANCOUVER
2213A01598.HDF,2-DR,5-BC,VANCOUVER
2213A01600.HDF,1-SD,5-BC,VICTORIA
2213A01603.HDF,1-SD,5-BC,PORT HARDY
2213A01605.HDF,1-SD,5-BC,VICTORIA
2213A01615.HDF,1-SD,5-BC,VANCOUVER
2213A01620.HDF,2-DR,5-BC,VANCOUVER
2213A01629.HDF,1-SD,5-BC,KAMLOOPS
2213A01630.HDF,1-SD,5-BC,VANCOUVER
2213A01639.HDF,1-SD,5-BC,VANCOUVER
2213A01640.HDF,1-SD,5-BC,KAMLOOPS
2213A01641.HDF,1-SD,5-BC,KAMLOOPS
2213A01646.HDF,2-DR,5-BC,KAMLOOPS
2213A01648.HDF,1-SD,5-BC,VANCOUVER
2213A01654.HDF,1-SD,5-BC,VANCOUVER
2213A01655.HDF,1-SD,5-BC,VANCOUVER
2213A01657.HDF,1-SD,5-BC,VANCOUVER
2213A01660.HDF,2-DR,5-BC,VANCOUVER
2213A01665.HDF,2-DR,5-BC,VANCOUVER
2213A01668.HDF,1-SD,5-BC,VANCOUVER
2213A01672.HDF,1-SD,5-BC,VANCOUVER
2213A01673.HDF,1-SD,5-BC,VANCOUVER
2213A01674.HDF,2-DR,5-BC,VANCOUVER
2213A01678.HDF,2-DR,5-BC,KAMLOOPS
2213A01680.HDF,2-DR,5-BC,KAMLOOPS
2213A01694.HDF,1-SD,5-BC,VANCOUVER
2213A01698.HDF,1-SD,5-BC,VANCOUVER
2213A01699.HDF,1-SD,5-BC,VANCOUVER
2213A01700.HDF,1-SD,5-BC,VANCOUVER
2213A01709.HDF,1-SD,5-BC,ABBOTSFORD
2213A01723.HDF,1-SD,5-BC,VANCOUVER
2213A01725.HDF,1-SD,5-BC,VANCOUVER
2213A01727.HDF,1-SD,5-BC,VANCOUVER
2213A01728.HDF,1-SD,5-BC,VANCOUVER
2213A01731.HDF,1-SD,5-BC,VANCOUVER
2213A01734.HDF,1-SD,5-BC,VANCOUVER
2213A01737.HDF,1-SD,5-BC,VANCOUVER
2213A01740.HDF,1-SD,5-BC,VANCOUVER
2213A01746.HDF,1-SD,5-BC,VANCOUVER
2213A01749.HDF,1-SD,5-BC,VANCOUVER
2213A01750.HDF,1-SD,5-BC,VANCOUVER
2213A01802.HDF,1-SD,5-BC,VANCOUVER
2213A01813.HDF,1-SD,5-BC,VANCOUVER
2213A01815.HDF,2-DR,5-BC,VANCOUVER
2213A01818.HDF,1-SD,5-BC,ABBOTSFORD
2213A01823.HDF,2-DR,5-BC,VANCOUVER
2213A01827.HDF,2-DR,5-BC,ABBOTSFORD
2213A01833.HDF,2-DR,5-BC,VANCOUVER
2213A01840.HDF,1-SD,5-BC,VANCOUVER
2213A01843.HDF,1-SD,5-BC,VANCOUVER
2213A01846.HDF,1-SD,5-BC,VANCOUVER
2213A01849.HDF,2-DR,5-BC,VANCOUVER
2213A01850.HDF,1-SD,5-BC,VICTORIA
2213A01852.HDF,1-SD,5-BC,VICTORIA
2213A01857.HDF,1-SD,5-BC,VICTORIA
2213A01861.HDF,1-SD,5-BC,VICTORIA
2213A01871.HDF,1-SD,5-BC,VICTORIA
2213A01872.HDF,1-SD,5-BC,VICTORIA
2213A01880.HDF,1-SD,5-BC,VANCOUVER
2213A01883.HDF,1-SD,5-BC,VANCOUVER
2213A01885.HDF,2-DR,5-BC,VANCOUVER
2213A01886.HDF,1-SD,5-BC,VANCOUVER
2213A01887.HDF,1-SD,5-BC,ABBOTSFORD
2213A01889.HDF,2-DR,5-BC,ABBOTSFORD
2213A01900.HDF,1-SD,5-BC,VANCOUVER
2213A01907.HDF,2-DR,5-BC,VANCOUVER
2213A01915.HDF,1-SD,5-BC,VANCOUVER
2213A01916.HDF,2-DR,5-BC,VANCOUVER
2213A01921.HDF,1-SD,5-BC,VANCOUVER
2213A01936.HDF,2-DR,5-BC,VANCOUVER
2213A01947.HDF,1-SD,5-BC,VANCOUVER
2213A01949.HDF,2-DR,5-BC,VANCOUVER
2213A01952.HDF,1-SD,5-BC,VANCOUVER
2213A01955.HDF,1-SD,5-BC,VANCOUVER
2213A01956.HDF,1-SD,5-BC,VANCOUVER
2213A01957.HDF,2-DR,5-BC,VANCOUVER
2213A01962.HDF,2-DR,5-BC,VANCOUVER
2213A01963.HDF,1-SD,5-BC,VANCOUVER
2213A01964.HDF,1-SD,5-BC,VANCOUVER
2213A01965.HDF,1-SD,5-BC,VANCOUVER
2213A01970.HDF,2-DR,5-BC,VANCOUVER
2213A01971.HDF,1-SD,5-BC,VANCOUVER
2213A01977.HDF,1-SD,5-BC,ABBOTSFORD
2213A01980.HDF,1-SD,5-BC,VANCOUVER
2213A01983.HDF,1-SD,5-BC,VANCOUVER
2213A01986.HDF,1-SD,5-BC,VANCOUVER
2213A01989.HDF,1-SD,5-BC,VANCOUVER
2213A01990.HDF,1-SD,5-BC,VANCOUVER
2213A01991.HDF,2-DR,5-BC,VANCOUVER
2213A01993.HDF,1-SD,5-BC,VANCOUVER
2213A01996.HDF,1-SD,5-BC,VANCOUVER
2213A01999.HDF,1-SD,5-BC,VANCOUVER
2213A02000.HDF,2-DR,5-BC,VANCOUVER
2213A02005.HDF,1-SD,5-BC,KAMLOOPS
2213A02009.HDF,1-SD,5-BC,KAMLOOPS
2213A02014.HDF,1-SD,5-BC,KAMLOOPS
2213A02023.HDF,2-DR,5-BC,VANCOUVER
2213A02024.HDF,2-DR,5-BC,VANCOUVER
2213A02029.HDF,1-SD,5-BC,VANCOUVER
2213A02032.HDF,2-DR,5-BC,VANCOUVER
2213A02037.HDF,1-SD,5-BC,VANCOUVER
2213A02042.HDF,1-SD,5-BC,VANCOUVER
2213A02045.HDF,1-SD,5-BC,VANCOUVER
2213A02051.HDF,1-SD,5-BC,VANCOUVER
2213A02056.HDF,1-SD,5-BC,VANCOUVER
2213A02065.HDF,1-SD,5-BC,VANCOUVER
2213A02070.HDF,1-SD,5-BC,VANCOUVER
2213A02084.HDF,1-SD,5-BC,VANCOUVER
2213A02088.HDF,1-SD,5-BC,VANCOUVER
2213A02101.HDF,1-SD,5-BC,VANCOUVER
2213A02102.HDF,1-SD,5-BC,ABBOTSFORD
2213A02111.HDF,1-SD,5-BC,VANCOUVER
2213A02114.HDF,2-DR,5-BC,VANCOUVER
2213A02124.HDF,1-SD,5-BC,VANCOUVER
2213A02127.HDF,1-SD,5-BC,VANCOUVER
2213A02128.HDF,1-SD,5-BC,VANCOUVER
2213A02135.HDF,1-SD,5-BC,VANCOUVER
2213A02142.HDF,1-SD,5-BC,ABBOTSFORD
2213A02144.HDF,1-SD,5-BC,ABBOTSFORD
2213A02145.HDF,2-DR,5-BC,VANCOUVER
2213A02146.HDF,1-SD,5-BC,ABBOTSFORD
2213A02147.HDF,2-DR,5-BC,ABBOTSFORD
2213A02150.HDF,1-SD,5-BC,VANCOUVER
2213A02161.HDF,1-SD,5-BC,VANCOUVER
2213A02164.HDF,2-DR,5-BC,VANCOUVER
2213A02166.HDF,1-SD,5-BC,VANCOUVER
2213A02170.HDF,2-DR,5-BC,VANCOUVER
2213A02172.HDF,1-SD,5-BC,VANCOUVER
2213A02174.HDF,1-SD,5-BC,VANCOUVER
2213A02176.HDF,1-SD,5-BC,VANCOUVER
2213A02182.HDF,2-DR,5-BC,VANCOUVER
2213A02183.HDF,1-SD,5-BC,VANCOUVER
2213A02199.HDF,1-SD,5-BC,VANCOUVER
2213A02256.HDF,1-SD,5-BC,VANCOUVER
2213A02257.HDF,2-DR,5-BC,VANCOUVER
2213A02260.HDF,1-SD,5-BC,VANCOUVER
2213A02263.HDF,1-SD,5-BC,VANCOUVER
2213A02265.HDF,1-SD,5-BC,VANCOUVER
2213A02266.HDF,1-SD,5-BC,VANCOUVER
2213A02267.HDF,2-DR,5-BC,VANCOUVER
2213A02306.HDF,1-SD,5-BC,VANCOUVER
2213A02318.HDF,1-SD,5-BC,VANCOUVER
2213A02327.HDF,1-SD,5-BC,VANCOUVER
2213A02329.HDF,1-SD,5-BC,VANCOUVER
2213A02336.HDF,1-SD,5-BC,VANCOUVER
2213A02343.HDF,1-SD,5-BC,VANCOUVER
2213A02346.HDF,1-SD,5-BC,VANCOUVER
2213A02348.HDF,1-SD,5-BC,VANCOUVER
2213A02354.HDF,1-SD,5-BC,VANCOUVER
2213A02359.HDF,1-SD,5-BC,VANCOUVER
2213A02362.HDF,1-SD,5-BC,VANCOUVER
2213A02369.HDF,1-SD,5-BC,ABBOTSFORD
2213A02376.HDF,2-DR,5-BC,VANCOUVER
2213A02377.HDF,2-DR,5-BC,VANCOUVER
2213A02383.HDF,1-SD,5-BC,VANCOUVER
2213A02384.HDF,1-SD,5-BC,VANCOUVER
2213A02386.HDF,2-DR,5-BC,VANCOUVER
2213A02387.HDF,1-SD,5-BC,VANCOUVER
2214A00004.HDF,1-SD,5-BC,VANCOUVER
2214A00009.HDF,2-DR,5-BC,VANCOUVER
2214A00022.HDF,1-SD,5-BC,VANCOUVER
2214A00026.HDF,1-SD,5-BC,VANCOUVER
2214A00028.HDF,1-SD,5-BC,VANCOUVER
2214A00031.HDF,2-DR,5-BC,VANCOUVER
2214A00033.HDF,1-SD,5-BC,VANCOUVER
2214A00036.HDF,1-SD,5-BC,VANCOUVER
2214A00038.HDF,2-DR,5-BC,VANCOUVER
2214A00043.HDF,1-SD,5-BC,VANCOUVER
2214A00045.HDF,2-DR,5-BC,VANCOUVER
2214A00046.HDF,1-SD,5-BC,VANCOUVER
2214A00047.HDF,2-DR,5-BC,VANCOUVER
2214A00051.HDF,1-SD,5-BC,VANCOUVER
2214A00055.HDF,1-SD,5-BC,VANCOUVER
2214A00058.HDF,1-SD,5-BC,VANCOUVER
2214A00069.HDF,1-SD,5-BC,VANCOUVER
2214A00070.HDF,1-SD,5-BC,VANCOUVER
2214A00072.HDF,1-SD,5-BC,VANCOUVER
2214A00073.HDF,1-SD,5-BC,VANCOUVER
2214A00115.HDF,2-DR,5-BC,VANCOUVER
2214A00119.HDF,1-SD,5-BC,VANCOUVER
2214A00120.HDF,1-SD,5-BC,VANCOUVER
2214A00122.HDF,1-SD,5-BC,VANCOUVER
2214A00124.HDF,1-SD,5-BC,VANCOUVER
2214A00136.HDF,1-SD,5-BC,VANCOUVER
2214A00139.HDF,1-SD,5-BC,VANCOUVER
2214A00140.HDF,1-SD,5-BC,VANCOUVER
2214A00141.HDF,1-SD,5-BC,VANCOUVER
2214A00159.HDF,1-SD,5-BC,VANCOUVER
2214A00164.HDF,1-SD,5-BC,VANCOUVER
2214A00166.HDF,1-SD,5-BC,VANCOUVER
2214A00170.HDF,1-SD,5-BC,VANCOUVER
2214A00204.HDF,2-DR,5-BC,VANCOUVER
2214A00225.HDF,1-SD,5-BC,VANCOUVER
2214A00226.HDF,1-SD,5-BC,VANCOUVER
2214A00249.HDF,2-DR,5-BC,VANCOUVER
2214A00258.HDF,1-SD,5-BC,VANCOUVER
2214A00293.HDF,1-SD,5-BC,VANCOUVER
2214A00294.HDF,1-SD,5-BC,VANCOUVER
2214A00344.HDF,1-SD,5-BC,VANCOUVER
2214A00345.HDF,1-SD,5-BC,VANCOUVER
2214A00346.HDF,1-SD,5-BC,VANCOUVER
2215A00056.HDF,1-SD,5-BC,VANCOUVER
2215A00130.HDF,1-SD,5-BC,ABBOTSFORD
2215A00133.HDF,1-SD,5-BC,ABBOTSFORD
2215A00143.HDF,1-SD,5-BC,VANCOUVER
2215A00160.HDF,1-SD,5-BC,VANCOUVER
2215A00191.HDF,1-SD,5-BC,VANCOUVER
2215A00194.HDF,1-SD,5-BC,VANCOUVER
2215A00203.HDF,1-SD,5-BC,VANCOUVER
2215A00204.HDF,2-DR,5-BC,VANCOUVER
2215A00206.HDF,1-SD,5-BC,VANCOUVER
2215A00207.HDF,1-SD,5-BC,ABBOTSFORD
2215A00211.HDF,1-SD,5-BC,VANCOUVER
2215A00223.HDF,1-SD,5-BC,VANCOUVER
2215A00225.HDF,1-SD,5-BC,VANCOUVER
2215A00226.HDF,1-SD,5-BC,VANCOUVER
2215A00228.HDF,1-SD,5-BC,VANCOUVER
2215A00237.HDF,1-SD,5-BC,VANCOUVER
2215A00239.HDF,1-SD,5-BC,VANCOUVER
2215A00243.HDF,1-SD,5-BC,ABBOTSFORD
2215A00246.HDF,2-DR,5-BC,VANCOUVER
2215A00247.HDF,1-SD,5-BC,VANCOUVER
2215A00266.HDF,2-DR,5-BC,VANCOUVER
2215A00268.HDF,2-DR,5-BC,VANCOUVER
2215A00272.HDF,1-SD,5-BC,VANCOUVER
2215A00279.HDF,1-SD,5-BC,VANCOUVER
2215A00283.HDF,1-SD,5-BC,VANCOUVER
2215A00298.HDF,1-SD,5-BC,ABBOTSFORD
2215A00302.HDF,1-SD,5-BC,VANCOUVER
2215A00303.HDF,2-DR,5-BC,VANCOUVER
2215A00307.HDF,1-SD,5-BC,VANCOUVER
2215A00317.HDF,1-SD,5-BC,VANCOUVER
2215A00329.HDF,1-SD,5-BC,VANCOUVER
2215A00336.HDF,1-SD,5-BC,VANCOUVER
2215A00338.HDF,1-SD,5-BC,VANCOUVER
2215A00340.HDF,1-SD,5-BC,VANCOUVER
2215A00356.HDF,1-SD,5-BC,VANCOUVER
2216A00026.HDF,1-SD,5-BC,VANCOUVER
2216A00032.HDF,1-SD,5-BC,VANCOUVER
2216A00036.HDF,1-SD,5-BC,VICTORIA
2216A00045.HDF,1-SD,5-BC,VANCOUVER
2216A00051.HDF,2-DR,5-BC,VANCOUVER
2216A00054.HDF,1-SD,5-BC,ABBOTSFORD
2216A00057.HDF,1-SD,5-BC,VANCOUVER
2216A00063.HDF,2-DR,5-BC,ABBOTSFORD
2216A00080.HDF,1-SD,5-BC,VANCOUVER
2216A00089.HDF,1-SD,5-BC,VANCOUVER
2216A00090.HDF,2-DR,5-BC,VANCOUVER
2216A00100.HDF,1-SD,5-BC,VANCOUVER
2216A00107.HDF,1-SD,5-BC,VANCOUVER
2216A00111.HDF,1-SD,5-BC,VANCOUVER
2216A00113.HDF,1-SD,5-BC,VANCOUVER
2216A00114.HDF,1-SD,5-BC,VANCOUVER
2216A00115.HDF,1-SD,5-BC,VANCOUVER
2216A00116.HDF,1-SD,5-BC,VANCOUVER
2216A00118.HDF,1-SD,5-BC,VANCOUVER
2216A00124.HDF,2-DR,5-BC,VANCOUVER
2216A00134.HDF,1-SD,5-BC,VANCOUVER
2216A00135.HDF,1-SD,5-BC,VANCOUVER
2216A00140.HDF,1-SD,5-BC,VANCOUVER
2216A00141.HDF,1-SD,5-BC,VANCOUVER
2216A00142.HDF,1-SD,5-BC,VANCOUVER
2216A00149.HDF,1-SD,5-BC,VANCOUVER
2216A00151.HDF,1-SD,5-BC,VANCOUVER
2216A00155.HDF,2-DR,5-BC,VANCOUVER
2216A00158.HDF,2-DR,5-BC,VANCOUVER
2216A00161.HDF,1-SD,5-BC,VANCOUVER
2216A00162.HDF,2-DR,5-BC,VANCOUVER
2217A00008.HDF,1-SD,5-BC,VANCOUVER
2217A00116.HDF,2-DR,5-BC,VANCOUVER
2217A00129.HDF,2-DR,5-BC,VANCOUVER
2217A00139.HDF,1-SD,5-BC,VANCOUVER
2217A00143.HDF,1-SD,5-BC,VANCOUVER
2217A00158.HDF,1-SD,5-BC,VANCOUVER
2217A00170.HDF,1-SD,5-BC,VANCOUVER
2217A00174.HDF,1-SD,5-BC,VANCOUVER
2217A00175.HDF,2-DR,5-BC,VANCOUVER
2217A00176.HDF,2-DR,5-BC,VANCOUVER
2219A00035.HDF,2-DR,5-BC,KAMLOOPS
2219A00093.HDF,2-DR,5-BC,KAMLOOPS
2219A00094.HDF,1-SD,5-BC,KAMLOOPS
2219A00098.HDF,1-SD,5-BC,KAMLOOPS
2219A00102.HDF,1-SD,5-BC,KAMLOOPS
2219A00104.HDF,1-SD,5-BC,KAMLOOPS
2219A00118.HDF,1-SD,5-BC,KAMLOOPS
2219A00122.HDF,1-SD,5-BC,KAMLOOPS
2219A00125.HDF,1-SD,5-BC,KAMLOOPS
2219A00143.HDF,1-SD,5-BC,KAMLOOPS
2219A00145.HDF,2-DR,5-BC,KAMLOOPS
2219A00146.HDF,1-SD,5-BC,KAMLOOPS
2219A00154.HDF,1-SD,5-BC,KAMLOOPS
2220A00039.HDF,1-SD,5-BC,SUMMERLAND
2220A00041.HDF,1-SD,5-BC,SUMMERLAND
2220A00301.HDF,1-SD,5-BC,SUMMERLAND
2220A00302.HDF,1-SD,5-BC,SUMMERLAND
2220A00304.HDF,1-SD,5-BC,SUMMERLAND
2220A00305.HDF,1-SD,5-BC,SUMMERLAND
2220A00306.HDF,1-SD,5-BC,SUMMERLAND
2220A00307.HDF,1-SD,5-BC,SUMMERLAND
2220A00309.HDF,1-SD,5-BC,SUMMERLAND
2220A00311.HDF,2-DR,5-BC,SUMMERLAND
2220A00312.HDF,1-SD,5-BC,SUMMERLAND
2220A00313.HDF,1-SD,5-BC,SUMMERLAND
2220A00314.HDF,1-SD,5-BC,SUMMERLAND
2220A00316.HDF,1-SD,5-BC,SUMMERLAND
2220A00317.HDF,1-SD,5-BC,SUMMERLAND
2220A00319.HDF,2-DR,5-BC,SUMMERLAND
2220A00322.HDF,2-DR,5-BC,SUMMERLAND
2220A00327.HDF,2-DR,5-BC,SUMMERLAND
2220A00328.HDF,1-SD,5-BC,SUMMERLAND
2220A00331.HDF,1-SD,5-BC,SUMMERLAND
2220A00332.HDF,2-DR,5-BC,SUMMERLAND
2220A00333.HDF,1-SD,5-BC,SUMMERLAND
2220A00334.HDF,1-SD,5-BC,SUMMERLAND
2220A00335.HDF,2-DR,5-BC,SUMMERLAND
2220A00336.HDF,2-DR,5-BC,SUMMERLAND
2220A00337.HDF,1-SD,5-BC,SUMMERLAND
2220A00338.HDF,2-DR,5-BC,SUMMERLAND
2220A00339.HDF,1-SD,5-BC,SUMMERLAND
2220A00340.HDF,1-SD,5-BC,SUMMERLAND
2220A00343.HDF,1-SD,5-BC,SUMMERLAND
2220A00344.HDF,2-DR,5-BC,SUMMERLAND
2220A00345.HDF,1-SD,5-BC,SUMMERLAND
2220A00346.HDF,1-SD,5-BC,SUMMERLAND
2220A00348.HDF,2-DR,5-BC,SUMMERLAND
2220A00349.HDF,1-SD,5-BC,SUMMERLAND
2220A00350.HDF,2-DR,5-BC,SUMMERLAND
2220A00352.HDF,1-SD,5-BC,SUMMERLAND
2220A00353.HDF,1-SD,5-BC,SUMMERLAND
2220A00359.HDF,2-DR,5-BC,SUMMERLAND
2220A00360.HDF,1-SD,5-BC,SUMMERLAND
2220A00362.HDF,1-SD,5-BC,SUMMERLAND
2220A00364.HDF,1-SD,5-BC,SUMMERLAND
2220A00365.HDF,2-DR,5-BC,SUMMERLAND
2220A00368.HDF,1-SD,5-BC,SUMMERLAND
2220A00369.HDF,1-SD,5-BC,SUMMERLAND
2220A00371.HDF,1-SD,5-BC,SUMMERLAND
2220A00375.HDF,1-SD,5-BC,SUMMERLAND
2220A00376.HDF,1-SD,5-BC,SUMMERLAND
2220A00377.HDF,1-SD,5-BC,SUMMERLAND
2220A00379.HDF,1-SD,5-BC,SUMMERLAND
2220A00381.HDF,2-DR,5-BC,SUMMERLAND
2220A00385.HDF,1-SD,5-BC,SUMMERLAND
2220A00386.HDF,2-DR,5-BC,SUMMERLAND
2220A00389.HDF,2-DR,5-BC,SUMMERLAND
2220A00390.HDF,2-DR,5-BC,SUMMERLAND
2220A00394.HDF,1-SD,5-BC,SUMMERLAND
2220A00395.HDF,1-SD,5-BC,SUMMERLAND
2220A00398.HDF,1-SD,5-BC,SUMMERLAND
2220A00399.HDF,1-SD,5-BC,SUMMERLAND
2220A00405.HDF,1-SD,5-BC,SUMMERLAND
2220A00406.HDF,1-SD,5-BC,SUMMERLAND
2220A00408.HDF,2-DR,5-BC,SUMMERLAND
2220A00409.HDF,2-DR,5-BC,SUMMERLAND
2220A00410.HDF,2-DR,5-BC,SUMMERLAND
2220A00411.HDF,2-DR,5-BC,SUMMERLAND
2220A00412.HDF,2-DR,5-BC,SUMMERLAND
2220A00413.HDF,2-DR,5-BC,SUMMERLAND
2220A00415.HDF,1-SD,5-BC,SUMMERLAND
2220A00417.HDF,2-DR,5-BC,SUMMERLAND
2220A00419.HDF,2-DR,5-BC,SUMMERLAND
2220A00420.HDF,2-DR,5-BC,SUMMERLAND
2220A00421.HDF,1-SD,5-BC,SUMMERLAND
2220A00422.HDF,1-SD,5-BC,SUMMERLAND
2220A00496.HDF,2-DR,5-BC,SUMMERLAND
2220A00497.HDF,1-SD,5-BC,SUMMERLAND
2220A00500.HDF,1-SD,5-BC,SUMMERLAND
2220A00502.HDF,1-SD,5-BC,SUMMERLAND
2220A00508.HDF,1-SD,5-BC,SUMMERLAND
2220A00509.HDF,1-SD,5-BC,SUMMERLAND
2220A00510.HDF,1-SD,5-BC,SUMMERLAND
2220A00511.HDF,1-SD,5-BC,SUMMERLAND
2220A00513.HDF,1-SD,5-BC,SUMMERLAND
2220A00514.HDF,1-SD,5-BC,SUMMERLAND
2220A00516.HDF,2-DR,5-BC,SUMMERLAND
2220A00522.HDF,1-SD,5-BC,SUMMERLAND
2220A00525.HDF,2-DR,5-BC,SUMMERLAND
2220A00526.HDF,2-DR,5-BC,SUMMERLAND
2220A00528.HDF,2-DR,5-BC,SUMMERLAND
2220A00529.HDF,1-SD,5-BC,SUMMERLAND
2220A00533.HDF,1-SD,5-BC,SUMMERLAND
2220A00534.HDF,1-SD,5-BC,SUMMERLAND
2220A00535.HDF,1-SD,5-BC,SUMMERLAND
2220A00544.HDF,1-SD,5-BC,SUMMERLAND
2220A00548.HDF,1-SD,5-BC,SUMMERLAND
2220A00564.HDF,1-SD,5-BC,SUMMERLAND
2220A00569.HDF,1-SD,5-BC,SUMMERLAND
2220A00572.HDF,1-SD,5-BC,SUMMERLAND
2220A00575.HDF,1-SD,5-BC,SUMMERLAND
2220A00577.HDF,1-SD,5-BC,SUMMERLAND
2220A00665.HDF,1-SD,5-BC,SUMMERLAND
2220A00666.HDF,2-DR,5-BC,SUMMERLAND
2220A00722.HDF,1-SD,5-BC,SUMMERLAND
2220A00723.HDF,1-SD,5-BC,SUMMERLAND
2220A00724.HDF,1-SD,5-BC,SUMMERLAND
2220A00725.HDF,1-SD,5-BC,SUMMERLAND
2220A00732.HDF,1-SD,5-BC,SUMMERLAND
2220A00733.HDF,1-SD,5-BC,SUMMERLAND
2220A00738.HDF,1-SD,5-BC,SUMMERLAND
2220A00740.HDF,1-SD,5-BC,SUMMERLAND
2220A00741.HDF,1-SD,5-BC,SUMMERLAND
2220A00749.HDF,1-SD,5-BC,SUMMERLAND
2220A00750.HDF,1-SD,5-BC,SUMMERLAND
2220A00751.HDF,1-SD,5-BC,SUMMERLAND
2220A00752.HDF,1-SD,5-BC,SUMMERLAND
2220A00756.HDF,1-SD,5-BC,SUMMERLAND
2220A00760.HDF,1-SD,5-BC,SUMMERLAND
2220A00766.HDF,1-SD,5-BC,SUMMERLAND
2220A00768.HDF,1-SD,5-BC,SUMMERLAND
2220A00770.HDF,1-SD,5-BC,SUMMERLAND
2220A00773.HDF,1-SD,5-BC,SUMMERLAND
2220A00775.HDF,1-SD,5-BC,SUMMERLAND
2220A00782.HDF,1-SD,5-BC,SUMMERLAND
2220A00784.HDF,1-SD,5-BC,SUMMERLAND
2220A00787.HDF,1-SD,5-BC,SUMMERLAND
2220A00788.HDF,1-SD,5-BC,SUMMERLAND
2220A00790.HDF,1-SD,5-BC,SUMMERLAND
2220A00792.HDF,1-SD,5-BC,SUMMERLAND
2220A00797.HDF,1-SD,5-BC,SUMMERLAND
2220A00800.HDF,1-SD,5-BC,SUMMERLAND
2220A00806.HDF,1-SD,5-BC,SUMMERLAND
2220A00807.HDF,1-SD,5-BC,SUMMERLAND
2220A00810.HDF,1-SD,5-BC,SUMMERLAND
2220A00817.HDF,1-SD,5-BC,SUMMERLAND
2220A00819.HDF,1-SD,5-BC,SUMMERLAND
2220A00820.HDF,1-SD,5-BC,SUMMERLAND
2220A00823.HDF,1-SD,5-BC,SUMMERLAND
2220A00824.HDF,1-SD,5-BC,SUMMERLAND
2220A00826.HDF,2-DR,5-BC,SUMMERLAND
2220A00828.HDF,1-SD,5-BC,SUMMERLAND
2220A00830.HDF,2-DR,5-BC,SUMMERLAND
2220A00834.HDF,1-SD,5-BC,SUMMERLAND
2220A00835.HDF,1-SD,5-BC,SUMMERLAND
2220A00843.HDF,1-SD,5-BC,SUMMERLAND
2220A00846.HDF,1-SD,5-BC,SUMMERLAND
2220A00847.HDF,1-SD,5-BC,SUMMERLAND
2220A00848.HDF,1-SD,5-BC,SUMMERLAND
2220A00851.HDF,1-SD,5-BC,SUMMERLAND
2220A00852.HDF,1-SD,5-BC,SUMMERLAND
2220A00855.HDF,1-SD,5-BC,SUMMERLAND
2220A00856.HDF,2-DR,5-BC,SUMMERLAND
2220A00857.HDF,2-DR,5-BC,SUMMERLAND
2220A00858.HDF,1-SD,5-BC,SUMMERLAND
2220A00866.HDF,2-DR,5-BC,SUMMERLAND
2220A00867.HDF,1-SD,5-BC,SUMMERLAND
2220A00870.HDF,1-SD,5-BC,SUMMERLAND
2220A00872.HDF,1-SD,5-BC,SUMMERLAND
2220A00879.HDF,2-DR,5-BC,SUMMERLAND
2220A00880.HDF,1-SD,5-BC,SUMMERLAND
2220A00881.HDF,1-SD,5-BC,SUMMERLAND
2220A00883.HDF,1-SD,5-BC,SUMMERLAND
2220A00884.HDF,1-SD,5-BC,SUMMERLAND
2220A00888.HDF,1-SD,5-BC,SUMMERLAND
2220A00895.HDF,1-SD,5-BC,SUMMERLAND
2220A00896.HDF,1-SD,5-BC,SUMMERLAND
2220A00899.HDF,2-DR,5-BC,SUMMERLAND
2220A00901.HDF,1-SD,5-BC,SUMMERLAND
2220A00902.HDF,1-SD,5-BC,SUMMERLAND
2220A00908.HDF,1-SD,5-BC,SUMMERLAND
2220A00909.HDF,1-SD,5-BC,SUMMERLAND
2220A00911.HDF,1-SD,5-BC,SUMMERLAND
2220A00915.HDF,1-SD,5-BC,SUMMERLAND
2220A00919.HDF,1-SD,5-BC,SUMMERLAND
2220A00920.HDF,1-SD,5-BC,SUMMERLAND
2220A00922.HDF,1-SD,5-BC,SUMMERLAND
2220A00925.HDF,1-SD,5-BC,SUMMERLAND
2220A00927.HDF,1-SD,5-BC,SUMMERLAND
2220A00929.HDF,1-SD,5-BC,SUMMERLAND
2220A00931.HDF,1-SD,5-BC,SUMMERLAND
2220A00932.HDF,1-SD,5-BC,SUMMERLAND
2220A00936.HDF,1-SD,5-BC,SUMMERLAND
2220A00943.HDF,1-SD,5-BC,SUMMERLAND
2220A00944.HDF,1-SD,5-BC,SUMMERLAND
2220A00946.HDF,1-SD,5-BC,SUMMERLAND
2220A00949.HDF,1-SD,5-BC,SUMMERLAND
2220A00951.HDF,1-SD,5-BC,SUMMERLAND
2220A00957.HDF,1-SD,5-BC,SUMMERLAND
2220A00958.HDF,1-SD,5-BC,SUMMERLAND
2220A00962.HDF,2-DR,5-BC,SUMMERLAND
2220A00963.HDF,1-SD,5-BC,SUMMERLAND
2220A00964.HDF,2-DR,5-BC,SUMMERLAND
2220A00968.HDF,1-SD,5-BC,SUMMERLAND
2220A00971.HDF,1-SD,5-BC,SUMMERLAND
2220A00975.HDF,1-SD,5-BC,SUMMERLAND
2220A00980.HDF,1-SD,5-BC,SUMMERLAND
2220A00989.HDF,1-SD,5-BC,SUMMERLAND
2220A00995.HDF,1-SD,5-BC,SUMMERLAND
2220A00997.HDF,1-SD,5-BC,SUMMERLAND
2220A00999.HDF,1-SD,5-BC,SUMMERLAND
2220A01002.HDF,1-SD,5-BC,SUMMERLAND
2220A01003.HDF,1-SD,5-BC,SUMMERLAND
2220A01005.HDF,1-SD,5-BC,SUMMERLAND
2220A01007.HDF,1-SD,5-BC,SUMMERLAND
2220A01009.HDF,1-SD,5-BC,SUMMERLAND
2220A01018.HDF,1-SD,5-BC,SUMMERLAND
2220A01026.HDF,1-SD,5-BC,SUMMERLAND
2220A01028.HDF,1-SD,5-BC,SUMMERLAND
2220A01029.HDF,1-SD,5-BC,SUMMERLAND
2220A01032.HDF,1-SD,5-BC,SUMMERLAND
2220A01034.HDF,1-SD,5-BC,SUMMERLAND
2220A01035.HDF,1-SD,5-BC,SUMMERLAND
2220A01037.HDF,1-SD,5-BC,SUMMERLAND
2220A01042.HDF,1-SD,5-BC,SUMMERLAND
2220A01047.HDF,1-SD,5-BC,SUMMERLAND
2220A01049.HDF,1-SD,5-BC,SUMMERLAND
2220A01050.HDF,1-SD,5-BC,SUMMERLAND
2220A01052.HDF,1-SD,5-BC,SUMMERLAND
2220A01053.HDF,1-SD,5-BC,SUMMERLAND
2220A01057.HDF,1-SD,5-BC,SUMMERLAND
2220A01064.HDF,2-DR,5-BC,SUMMERLAND
2220A01067.HDF,1-SD,5-BC,SUMMERLAND
2220A01069.HDF,1-SD,5-BC,SUMMERLAND
2220A01072.HDF,1-SD,5-BC,SUMMERLAND
2220A01073.HDF,1-SD,5-BC,SUMMERLAND
2220A01076.HDF,1-SD,5-BC,SUMMERLAND
2220A01078.HDF,1-SD,5-BC,SUMMERLAND
2220A01080.HDF,1-SD,5-BC,SUMMERLAND
2220A01082.HDF,1-SD,5-BC,SUMMERLAND
2220A01086.HDF,1-SD,5-BC,SUMMERLAND
2220A01088.HDF,1-SD,5-BC,SUMMERLAND
2220A01090.HDF,1-SD,5-BC,SUMMERLAND
2220A01091.HDF,1-SD,5-BC,SUMMERLAND
2220A01097.HDF,1-SD,5-BC,SUMMERLAND
2220A01100.HDF,1-SD,5-BC,SUMMERLAND
2220A01102.HDF,1-SD,5-BC,SUMMERLAND
2220A01104.HDF,1-SD,5-BC,SUMMERLAND
2220A01110.HDF,1-SD,5-BC,SUMMERLAND
2220A01115.HDF,1-SD,5-BC,SUMMERLAND
2220A01121.HDF,1-SD,5-BC,SUMMERLAND
2220A01123.HDF,1-SD,5-BC,SUMMERLAND
2220A01125.HDF,1-SD,5-BC,SUMMERLAND
2220A01127.HDF,1-SD,5-BC,SUMMERLAND
2220A01135.HDF,1-SD,5-BC,SUMMERLAND
2220A01147.HDF,1-SD,5-BC,SUMMERLAND
2220A01149.HDF,1-SD,5-BC,SUMMERLAND
2221A00111.HDF,1-SD,5-BC,SUMMERLAND
2221A00113.HDF,1-SD,5-BC,SUMMERLAND
2221A00114.HDF,1-SD,5-BC,SUMMERLAND
2221A00119.HDF,1-SD,5-BC,SUMMERLAND
2221A00120.HDF,2-DR,5-BC,SUMMERLAND
2221A00125.HDF,1-SD,5-BC,SUMMERLAND
2221A00126.HDF,1-SD,5-BC,SUMMERLAND
2221A00128.HDF,1-SD,5-BC,SUMMERLAND
2221A00131.HDF,1-SD,5-BC,SUMMERLAND
2221A00132.HDF,1-SD,5-BC,SUMMERLAND
2221A00134.HDF,1-SD,5-BC,SUMMERLAND
2221A00135.HDF,1-SD,5-BC,SUMMERLAND
2221A00136.HDF,1-SD,5-BC,SUMMERLAND
2221A00141.HDF,1-SD,5-BC,SUMMERLAND
2221A00142.HDF,1-SD,5-BC,SUMMERLAND
2221A00146.HDF,2-DR,5-BC,SUMMERLAND
2221A00147.HDF,1-SD,5-BC,SUMMERLAND
2221A00150.HDF,1-SD,5-BC,SUMMERLAND
2221A00157.HDF,1-SD,5-BC,SUMMERLAND
2221A00159.HDF,1-SD,5-BC,SUMMERLAND
2221A00167.HDF,1-SD,5-BC,SUMMERLAND
2221A00172.HDF,1-SD,5-BC,SUMMERLAND
2221A00175.HDF,2-DR,5-BC,SUMMERLAND
2221A00176.HDF,1-SD,5-BC,SUMMERLAND
2221A00179.HDF,1-SD,5-BC,SUMMERLAND
2221A00180.HDF,1-SD,5-BC,SUMMERLAND
2221A00181.HDF,1-SD,5-BC,SUMMERLAND
2221A00182.HDF,2-DR,5-BC,SUMMERLAND
2221A00185.HDF,1-SD,5-BC,SUMMERLAND
2221A00186.HDF,1-SD,5-BC,SUMMERLAND
2221A00188.HDF,1-SD,5-BC,SUMMERLAND
2221A00191.HDF,1-SD,5-BC,SUMMERLAND
2221A00209.HDF,1-SD,5-BC,SUMMERLAND
2221A00211.HDF,1-SD,5-BC,SUMMERLAND
2221A00214.HDF,2-DR,5-BC,SUMMERLAND
2221A00215.HDF,1-SD,5-BC,SUMMERLAND
2221A00217.HDF,2-DR,5-BC,SUMMERLAND
2221A00219.HDF,1-SD,5-BC,SUMMERLAND
2221A00221.HDF,1-SD,5-BC,SUMMERLAND
2221A00223.HDF,1-SD,5-BC,SUMMERLAND
2221A00225.HDF,1-SD,5-BC,SUMMERLAND
2221A00228.HDF,1-SD,5-BC,SUMMERLAND
2221A00233.HDF,1-SD,5-BC,SUMMERLAND
2221A00234.HDF,1-SD,5-BC,SUMMERLAND
2221A00237.HDF,2-DR,5-BC,SUMMERLAND
2221A00250.HDF,1-SD,5-BC,SUMMERLAND
2221A00251.HDF,1-SD,5-BC,SUMMERLAND
2221A00252.HDF,1-SD,5-BC,SUMMERLAND
2221A00256.HDF,1-SD,5-BC,SUMMERLAND
2221A00266.HDF,1-SD,5-BC,SUMMERLAND
2221A00268.HDF,1-SD,5-BC,SUMMERLAND
2221A00269.HDF,2-DR,5-BC,SUMMERLAND
2221A00272.HDF,1-SD,5-BC,SUMMERLAND
2221A00273.HDF,1-SD,5-BC,SUMMERLAND
2221A00274.HDF,1-SD,5-BC,SUMMERLAND
2221A00276.HDF,1-SD,5-BC,SUMMERLAND
2221A00277.HDF,1-SD,5-BC,SUMMERLAND
2221A00278.HDF,2-DR,5-BC,SUMMERLAND
2221A00281.HDF,1-SD,5-BC,SUMMERLAND
2221A00284.HDF,1-SD,5-BC,SUMMERLAND
2221A00285.HDF,1-SD,5-BC,SUMMERLAND
2221A00286.HDF,1-SD,5-BC,SUMMERLAND
2221A00289.HDF,1-SD,5-BC,SUMMERLAND
2221A00290.HDF,1-SD,5-BC,SUMMERLAND
2221A00292.HDF,1-SD,5-BC,SUMMERLAND
2221A00294.HDF,2-DR,5-BC,SUMMERLAND
2221A00297.HDF,1-SD,5-BC,SUMMERLAND
2221A00298.HDF,1-SD,5-BC,SUMMERLAND
2221A00299.HDF,1-SD,5-BC,SUMMERLAND
2221A00300.HDF,1-SD,5-BC,SUMMERLAND
2221A00305.HDF,1-SD,5-BC,SUMMERLAND
2221A00307.HDF,1-SD,5-BC,SUMMERLAND
2221A00308.HDF,1-SD,5-BC,SUMMERLAND
2221A00326.HDF,1-SD,5-BC,SUMMERLAND
2221A00330.HDF,1-SD,5-BC,SUMMERLAND
2221A00333.HDF,2-DR,5-BC,SUMMERLAND
2221A00337.HDF,1-SD,5-BC,SUMMERLAND
2221A00345.HDF,1-SD,5-BC,SUMMERLAND
2221A00347.HDF,1-SD,5-BC,SUMMERLAND
2221A00348.HDF,1-SD,5-BC,SUMMERLAND
2221A00352.HDF,1-SD,5-BC,SUMMERLAND
2221A00353.HDF,1-SD,5-BC,SUMMERLAND
2221A00354.HDF,1-SD,5-BC,SUMMERLAND
2221A00355.HDF,1-SD,5-BC,SUMMERLAND
2221A00357.HDF,1-SD,5-BC,SUMMERLAND
2221A00360.HDF,1-SD,5-BC,SUMMERLAND
2221A00363.HDF,1-SD,5-BC,SUMMERLAND
2221A00366.HDF,2-DR,5-BC,SUMMERLAND
2221A00372.HDF,1-SD,5-BC,SUMMERLAND
2221A00373.HDF,1-SD,5-BC,SUMMERLAND
2221A00376.HDF,1-SD,5-BC,SUMMERLAND
2221A00377.HDF,1-SD,5-BC,SUMMERLAND
2221A00380.HDF,1-SD,5-BC,SUMMERLAND
2221A00381.HDF,1-SD,5-BC,SUMMERLAND
2221A00382.HDF,2-DR,5-BC,SUMMERLAND
2221A00383.HDF,1-SD,5-BC,SUMMERLAND
2221A00385.HDF,1-SD,5-BC,SUMMERLAND
2221A00386.HDF,1-SD,5-BC,SUMMERLAND
2221A00393.HDF,1-SD,5-BC,SUMMERLAND
2221A00395.HDF,1-SD,5-BC,SUMMERLAND
2221A00397.HDF,1-SD,5-BC,SUMMERLAND
2221A00398.HDF,1-SD,5-BC,SUMMERLAND
2221A00401.HDF,1-SD,5-BC,SUMMERLAND
2221A00402.HDF,1-SD,5-BC,SUMMERLAND
2221A00403.HDF,1-SD,5-BC,SUMMERLAND
2221A00405.HDF,1-SD,5-BC,SUMMERLAND
2221A00407.HDF,2-DR,5-BC,SUMMERLAND
2221A00410.HDF,1-SD,5-BC,SUMMERLAND
2221A00411.HDF,1-SD,5-BC,SUMMERLAND
2221A00412.HDF,1-SD,5-BC,SUMMERLAND
2221A00414.HDF,1-SD,5-BC,SUMMERLAND
2221A00415.HDF,1-SD,5-BC,SUMMERLAND
2221A00416.HDF,1-SD,5-BC,SUMMERLAND
2221A00419.HDF,1-SD,5-BC,SUMMERLAND
2221A00420.HDF,1-SD,5-BC,SUMMERLAND
2222A00102.HDF,1-SD,5-BC,VANCOUVER
2222A00103.HDF,1-SD,5-BC,VANCOUVER
2222A00107.HDF,1-SD,5-BC,VANCOUVER
2222A00114.HDF,1-SD,5-BC,VANCOUVER
2223A00007.HDF,1-SD,5-BC,CASTLEGAR
2223A00010.HDF,1-SD,5-BC,CASTLEGAR
2223A00011.HDF,1-SD,5-BC,CASTLEGAR
2223A00014.HDF,1-SD,5-BC,CASTLEGAR
2223A00018.HDF,1-SD,5-BC,CASTLEGAR
2223A00020.HDF,1-SD,5-BC,CASTLEGAR
2223A00021.HDF,1-SD,5-BC,CASTLEGAR
2223A00027.HDF,1-SD,5-BC,CASTLEGAR
2223A00029.HDF,1-SD,5-BC,CASTLEGAR
2223A00041.HDF,2-DR,5-BC,CASTLEGAR
2223A00043.HDF,1-SD,5-BC,CASTLEGAR
2223A00044.HDF,1-SD,5-BC,CASTLEGAR
2223A00049.HDF,1-SD,5-BC,CASTLEGAR
2223A00056.HDF,1-SD,5-BC,CASTLEGAR
2223A00064.HDF,1-SD,5-BC,CASTLEGAR
2223A00067.HDF,1-SD,5-BC,CASTLEGAR
2223A00070.HDF,1-SD,5-BC,CASTLEGAR
2223A00079.HDF,1-SD,5-BC,CASTLEGAR
2223A00080.HDF,1-SD,5-BC,CASTLEGAR
2223A00081.HDF,1-SD,5-BC,CASTLEGAR
2223A00083.HDF,1-SD,5-BC,CASTLEGAR
2223A00085.HDF,1-SD,5-BC,CASTLEGAR
2223A00087.HDF,1-SD,5-BC,CASTLEGAR
2223A00088.HDF,1-SD,5-BC,CASTLEGAR
2223A00090.HDF,1-SD,5-BC,CASTLEGAR
2223A00094.HDF,1-SD,5-BC,CASTLEGAR
2223A00098.HDF,1-SD,5-BC,CASTLEGAR
2223A00101.HDF,1-SD,5-BC,CASTLEGAR
2223A00109.HDF,1-SD,5-BC,CASTLEGAR
2223A00113.HDF,1-SD,5-BC,CASTLEGAR
2223A00120.HDF,1-SD,5-BC,CASTLEGAR
2223A00124.HDF,1-SD,5-BC,CASTLEGAR
2223A00125.HDF,1-SD,5-BC,CASTLEGAR
2223A00128.HDF,1-SD,5-BC,CASTLEGAR
2223A00129.HDF,1-SD,5-BC,CASTLEGAR
2223A00130.HDF,1-SD,5-BC,CASTLEGAR
2223A00132.HDF,1-SD,5-BC,CASTLEGAR
2223A00133.HDF,1-SD,5-BC,CASTLEGAR
2223A00135.HDF,1-SD,5-BC,CASTLEGAR
2223A00136.HDF,1-SD,5-BC,CASTLEGAR
2223A00138.HDF,1-SD,5-BC,CASTLEGAR
2223A00139.HDF,1-SD,5-BC,CASTLEGAR
2223A00146.HDF,1-SD,5-BC,CASTLEGAR
2223A00151.HDF,1-SD,5-BC,CASTLEGAR
2223A00153.HDF,1-SD,5-BC,CASTLEGAR
2223A00159.HDF,1-SD,5-BC,CASTLEGAR
2223A00160.HDF,1-SD,5-BC,CASTLEGAR
2223A00161.HDF,1-SD,5-BC,CASTLEGAR
2223A00167.HDF,1-SD,5-BC,CASTLEGAR
2223A00169.HDF,1-SD,5-BC,CASTLEGAR
2223A00171.HDF,1-SD,5-BC,CASTLEGAR
2223A00174.HDF,1-SD,5-BC,CASTLEGAR
2223A00175.HDF,1-SD,5-BC,CASTLEGAR
2223A00176.HDF,1-SD,5-BC,CASTLEGAR
2223A00178.HDF,1-SD,5-BC,CASTLEGAR
2223A00180.HDF,1-SD,5-BC,CASTLEGAR
2224A00023.HDF,2-DR,5-BC,KAMLOOPS
2224A00033.HDF,2-DR,5-BC,SUMMERLAND
2224A00062.HDF,2-DR,5-BC,SUMMERLAND
2224A00078.HDF,2-DR,5-BC,SUMMERLAND
2224A00094.HDF,1-SD,5-BC,SUMMERLAND
2224A00097.HDF,1-SD,5-BC,SUMMERLAND
2224A00102.HDF,1-SD,5-BC,SUMMERLAND
2224A00105.HDF,1-SD,5-BC,SUMMERLAND
2224A00106.HDF,1-SD,5-BC,SUMMERLAND
2224A00112.HDF,1-SD,5-BC,SUMMERLAND
2224A00115.HDF,1-SD,5-BC,SUMMERLAND
2224A00116.HDF,1-SD,5-BC,SUMMERLAND
2224A00122.HDF,1-SD,5-BC,SUMMERLAND
2224A00124.HDF,1-SD,5-BC,SUMMERLAND
2224A00130.HDF,1-SD,5-BC,SUMMERLAND
2224A00136.HDF,1-SD,5-BC,SUMMERLAND
2224A00140.HDF,1-SD,5-BC,SUMMERLAND
2224A00147.HDF,1-SD,5-BC,SUMMERLAND
2224A00151.HDF,1-SD,5-BC,SUMMERLAND
2224A00153.HDF,1-SD,5-BC,SUMMERLAND
2224A00154.HDF,1-SD,5-BC,SUMMERLAND
2224A00156.HDF,1-SD,5-BC,SUMMERLAND
2224A00179.HDF,2-DR,5-BC,SUMMERLAND
2225A00002.HDF,1-SD,5-BC,VANCOUVER
2225A00004.HDF,2-DR,5-BC,VANCOUVER
2225A00013.HDF,1-SD,5-BC,VANCOUVER
2225A00025.HDF,1-SD,5-BC,VANCOUVER
2225A00028.HDF,1-SD,5-BC,VANCOUVER
2225A00031.HDF,1-SD,5-BC,VANCOUVER
2225A00034.HDF,1-SD,5-BC,VANCOUVER
2225A00035.HDF,1-SD,5-BC,VANCOUVER
2225A00042.HDF,1-SD,5-BC,ABBOTSFORD
2225A00043.HDF,1-SD,5-BC,ABBOTSFORD
2225A00044.HDF,2-DR,5-BC,VANCOUVER
2225A00051.HDF,1-SD,5-BC,VANCOUVER
2225A00055.HDF,2-DR,5-BC,VANCOUVER
2225A00056.HDF,1-SD,5-BC,ABBOTSFORD
2225A00058.HDF,2-DR,5-BC,VANCOUVER
2225A00059.HDF,2-DR,5-BC,VANCOUVER
2225A00060.HDF,2-DR,5-BC,VANCOUVER
2225A00062.HDF,1-SD,5-BC,ABBOTSFORD
2225A00065.HDF,1-SD,5-BC,ABBOTSFORD
2225A00066.HDF,1-SD,5-BC,ABBOTSFORD
2225A00067.HDF,1-SD,5-BC,ABBOTSFORD
2225A00071.HDF,1-SD,5-BC,VANCOUVER
2225A00076.HDF,1-SD,5-BC,VANCOUVER
2225A00078.HDF,1-SD,5-BC,VANCOUVER
2225A00079.HDF,1-SD,5-BC,VANCOUVER
2225A00082.HDF,1-SD,5-BC,ABBOTSFORD
2225A00089.HDF,1-SD,5-BC,ABBOTSFORD
2225A00092.HDF,1-SD,5-BC,VANCOUVER
2225A00095.HDF,1-SD,5-BC,VANCOUVER
2225A00103.HDF,2-DR,5-BC,VANCOUVER
2225A00104.HDF,1-SD,5-BC,VANCOUVER
2225A00108.HDF,1-SD,5-BC,ABBOTSFORD
2225A00109.HDF,1-SD,5-BC,VANCOUVER
2225A00111.HDF,2-DR,5-BC,VANCOUVER
2225A00112.HDF,2-DR,5-BC,VANCOUVER
2225A00113.HDF,1-SD,5-BC,ABBOTSFORD
2225A00125.HDF,1-SD,5-BC,ABBOTSFORD
2225A00132.HDF,1-SD,5-BC,VANCOUVER
2225A00133.HDF,1-SD,5-BC,VANCOUVER
2225A00136.HDF,1-SD,5-BC,ABBOTSFORD
2225A00140.HDF,1-SD,5-BC,VANCOUVER
2228A00159.HDF,1-SD,5-BC,WILLIAMS LAKE
2228A00163.HDF,1-SD,5-BC,WILLIAMS LAKE
2228A00185.HDF,1-SD,5-BC,WILLIAMS LAKE
2228A00186.HDF,1-SD,5-BC,WILLIAMS LAKE
2228A00187.HDF,1-SD,5-BC,WILLIAMS LAKE
2228A00190.HDF,1-SD,5-BC,WILLIAMS LAKE
2228A00207.HDF,1-SD,5-BC,WILLIAMS LAKE
2228A00209.HDF,1-SD,5-BC,WILLIAMS LAKE
2228A00211.HDF,1-SD,5-BC,WILLIAMS LAKE
2228A00217.HDF,1-SD,5-BC,WILLIAMS LAKE
2228A00221.HDF,1-SD,5-BC,WILLIAMS LAKE
2228A00225.HDF,1-SD,5-BC,WILLIAMS LAKE
2262A00104.HDF,1-SD,5-BC,PRINCE GEORGE
2262A00109.HDF,1-SD,5-BC,PRINCE GEORGE
2262A00119.HDF,1-SD,5-BC,PRINCE GEORGE
2262A00124.HDF,1-SD,5-BC,PRINCE GEORGE
2262A00136.HDF,1-SD,5-BC,PRINCE GEORGE
2262A00138.HDF,1-SD,5-BC,PRINCE GEORGE
2262A00145.HDF,1-SD,5-BC,PRINCE GEORGE
2262A00157.HDF,1-SD,5-BC,PRINCE GEORGE
2262A00159.HDF,1-SD,5-BC,PRINCE GEORGE
2262A00162.HDF,1-SD,5-BC,PRINCE GEORGE
2262A00170.HDF,1-SD,5-BC,PRINCE GEORGE
2262A00172.HDF,1-SD,5-BC,PRINCE GEORGE
2262A00178.HDF,1-SD,5-BC,PRINCE GEORGE
2262A00181.HDF,1-SD,5-BC,PRINCE GEORGE
2262A00183.HDF,1-SD,5-BC,PRINCE GEORGE
2262A00191.HDF,1-SD,5-BC,PRINCE GEORGE
2262A00192.HDF,1-SD,5-BC,PRINCE GEORGE
2262A00203.HDF,1-SD,5-BC,PRINCE GEORGE
2262A00205.HDF,1-SD,5-BC,PRINCE GEORGE
2262A00208.HDF,1-SD,5-BC,PRINCE GEORGE
2262A00214.HDF,2-DR,5-BC,PRINCE GEORGE
2262A00221.HDF,2-DR,5-BC,PRINCE GEORGE
2262A00230.HDF,1-SD,5-BC,PRINCE GEORGE
2262A00238.HDF,1-SD,5-BC,PRINCE GEORGE
2262A00242.HDF,1-SD,5-BC,PRINCE GEORGE
2262A00246.HDF,1-SD,5-BC,PRINCE GEORGE
2262A00251.HDF,2-DR,5-BC,PRINCE GEORGE
2262A00255.HDF,2-DR,5-BC,PRINCE GEORGE
2262A00263.HDF,1-SD,5-BC,PRINCE GEORGE
2262A00273.HDF,1-SD,5-BC,PRINCE GEORGE
2262A00386.HDF,1-SD,5-BC,PRINCE GEORGE
2262A00416.HDF,1-SD,5-BC,PRINCE GEORGE
2262A00424.HDF,1-SD,5-BC,PRINCE GEORGE
2262A00426.HDF,1-SD,5-BC,PRINCE GEORGE
2262A00428.HDF,1-SD,5-BC,PRINCE GEORGE
2262A00429.HDF,1-SD,5-BC,PRINCE GEORGE
2262A00430.HDF,2-DR,5-BC,PRINCE GEORGE
2262A00431.HDF,2-DR,5-BC,PRINCE GEORGE
2262A00433.HDF,1-SD,5-BC,PRINCE GEORGE
2262A00435.HDF,1-SD,5-BC,PRINCE GEORGE
2262A00454.HDF,1-SD,5-BC,PRINCE GEORGE
2262A00457.HDF,1-SD,5-BC,PRINCE GEORGE
2262A00458.HDF,1-SD,5-BC,PRINCE GEORGE
2262A00465.HDF,1-SD,5-BC,PRINCE GEORGE
2262A00472.HDF,1-SD,5-BC,PRINCE GEORGE
2262A00474.HDF,1-SD,5-BC,PRINCE GEORGE
2262A00476.HDF,1-SD,5-BC,PRINCE GEORGE
2262A00489.HDF,1-SD,5-BC,PRINCE GEORGE
2262A00496.HDF,1-SD,5-BC,PRINCE GEORGE
2262A00501.HDF,1-SD,5-BC,PRINCE GEORGE
2262A00503.HDF,1-SD,5-BC,PRINCE GEORGE
2262A00515.HDF,2-DR,5-BC,PRINCE GEORGE
2262A00516.HDF,2-DR,5-BC,PRINCE GEORGE
2262A00523.HDF,1-SD,5-BC,PRINCE GEORGE
2262A00528.HDF,1-SD,5-BC,PRINCE GEORGE
2262A00541.HDF,1-SD,5-BC,PRINCE GEORGE
2262A00542.HDF,1-SD,5-BC,PRINCE GEORGE
2262A00559.HDF,2-DR,5-BC,PRINCE GEORGE
2262A00560.HDF,2-DR,5-BC,PRINCE GEORGE
2262A00565.HDF,1-SD,5-BC,PRINCE GEORGE
2263A00102.HDF,1-SD,5-BC,FORT ST. JOHN
2263A00118.HDF,1-SD,5-BC,FORT ST. JOHN
2263A00123.HDF,1-SD,5-BC,FORT ST. JOHN
2263A00131.HDF,1-SD,5-BC,FORT ST. JOHN
2263A00138.HDF,1-SD,5-BC,FORT ST. JOHN
2263A00140.HDF,1-SD,5-BC,FORT ST. JOHN
2263A00143.HDF,1-SD,5-BC,FORT ST. JOHN
2263A00151.HDF,1-SD,5-BC,FORT ST. JOHN
2263A00160.HDF,1-SD,5-BC,FORT ST. JOHN
2263A00163.HDF,1-SD,5-BC,FORT ST. JOHN
2263A00183.HDF,1-SD,5-BC,FORT ST. JOHN
2263A00204.HDF,1-SD,5-BC,FORT ST. JOHN
2263A00206.HDF,1-SD,5-BC,FORT ST. JOHN
2263A00208.HDF,1-SD,5-BC,FORT ST. JOHN
2263A00211.HDF,1-SD,5-BC,FORT ST. JOHN
2263A00215.HDF,1-SD,5-BC,FORT ST. JOHN
2263A00221.HDF,1-SD,5-BC,FORT ST. JOHN
2263A00223.HDF,1-SD,5-BC,FORT ST. JOHN
2263A00233.HDF,1-SD,5-BC,FORT ST. JOHN
2265A00005.HDF,1-SD,5-BC,VICTORIA
2265A00009.HDF,1-SD,5-BC,VANCOUVER
2265A00013.HDF,2-DR,5-BC,VANCOUVER
2265A00014.HDF,2-DR,5-BC,VANCOUVER
2265A00015.HDF,1-SD,5-BC,ABBOTSFORD
2267A00002.HDF,1-SD,5-BC,VANCOUVER
2267A00004.HDF,1-SD,5-BC,VANCOUVER
2268A00001.HDF,2-DR,5-BC,SUMMERLAND
2268A00013.HDF,2-DR,5-BC,KAMLOOPS
2268A00015.HDF,2-DR,5-BC,KAMLOOPS
2268A00017.HDF,1-SD,5-BC,KAMLOOPS
2268A00018.HDF,1-SD,5-BC,KAMLOOPS
2268A00021.HDF,2-DR,5-BC,KAMLOOPS
2268A00024.HDF,1-SD,5-BC,KAMLOOPS
2268A00028.HDF,1-SD,5-BC,KAMLOOPS
2268A00029.HDF,1-SD,5-BC,KAMLOOPS
2268A00056.HDF,1-SD,5-BC,KAMLOOPS
2268A00059.HDF,2-DR,5-BC,KAMLOOPS
2268A00062.HDF,2-DR,5-BC,KAMLOOPS
2268A00071.HDF,1-SD,5-BC,KAMLOOPS
2268A00072.HDF,2-DR,5-BC,KAMLOOPS
2268A00080.HDF,2-DR,5-BC,KAMLOOPS
2268A00083.HDF,2-DR,5-BC,KAMLOOPS
2268A00091.HDF,1-SD,5-BC,KAMLOOPS
2268A00094.HDF,1-SD,5-BC,KAMLOOPS
2268A00107.HDF,1-SD,5-BC,KAMLOOPS
2268A00122.HDF,1-SD,5-BC,KAMLOOPS
2268A00123.HDF,2-DR,5-BC,KAMLOOPS
2268A00124.HDF,2-DR,5-BC,KAMLOOPS
2268A00129.HDF,1-SD,5-BC,KAMLOOPS
2268A00137.HDF,1-SD,5-BC,KAMLOOPS
2268A00140.HDF,1-SD,5-BC,KAMLOOPS
2268A00141.HDF,1-SD,5-BC,KAMLOOPS
2268A00144.HDF,2-DR,5-BC,KAMLOOPS
2268A00152.HDF,2-DR,5-BC,KAMLOOPS
2268A00153.HDF,1-SD,5-BC,KAMLOOPS
2268A00177.HDF,1-SD,5-BC,KAMLOOPS
2268A00185.HDF,2-DR,5-BC,KAMLOOPS
2268A00191.HDF,2-DR,5-BC,KAMLOOPS
2268A00192.HDF,2-DR,5-BC,KAMLOOPS
2268A00199.HDF,1-SD,5-BC,KAMLOOPS
2268A00201.HDF,1-SD,5-BC,KAMLOOPS
2268A00217.HDF,2-DR,5-BC,KAMLOOPS
2268A00218.HDF,1-SD,5-BC,KAMLOOPS
2268A00221.HDF,2-DR,5-BC,KAMLOOPS
2268A00222.HDF,2-DR,5-BC,KAMLOOPS
2268A00223.HDF,1-SD,5-BC,KAMLOOPS
2268A00226.HDF,1-SD,5-BC,KAMLOOPS
2268A00231.HDF,1-SD,5-BC,KAMLOOPS
2268A00233.HDF,1-SD,5-BC,KAMLOOPS
2268A00238.HDF,1-SD,5-BC,KAMLOOPS
2268A00241.HDF,1-SD,5-BC,KAMLOOPS
2268A00250.HDF,2-DR,5-BC,KAMLOOPS
2268A00267.HDF,2-DR,5-BC,KAMLOOPS
2268A00276.HDF,1-SD,5-BC,KAMLOOPS
2268A00277.HDF,2-DR,5-BC,KAMLOOPS
2268A00291.HDF,1-SD,5-BC,KAMLOOPS
2268A00292.HDF,1-SD,5-BC,KAMLOOPS
2268A00295.HDF,2-DR,5-BC,KAMLOOPS
2268A00296.HDF,2-DR,5-BC,KAMLOOPS
2268A00298.HDF,1-SD,5-BC,KAMLOOPS
2268A00300.HDF,1-SD,5-BC,KAMLOOPS
2268A00303.HDF,1-SD,5-BC,KAMLOOPS
2268A00304.HDF,1-SD,5-BC,KAMLOOPS
2268A00308.HDF,1-SD,5-BC,KAMLOOPS
2268A00316.HDF,1-SD,5-BC,KAMLOOPS
2268A00318.HDF,1-SD,5-BC,KAMLOOPS
2268A00319.HDF,1-SD,5-BC,KAMLOOPS
2268A00322.HDF,1-SD,5-BC,KAMLOOPS
2268A00328.HDF,1-SD,5-BC,KAMLOOPS
2268A00332.HDF,1-SD,5-BC,KAMLOOPS
2268A00335.HDF,1-SD,5-BC,KAMLOOPS
2268A00336.HDF,1-SD,5-BC,KAMLOOPS
2268A00337.HDF,2-DR,5-BC,KAMLOOPS
2268A00345.HDF,2-DR,5-BC,KAMLOOPS
2268A00347.HDF,1-SD,5-BC,KAMLOOPS
2268A00349.HDF,1-SD,5-BC,KAMLOOPS
2268A00350.HDF,1-SD,5-BC,KAMLOOPS
2268A00356.HDF,1-SD,5-BC,KAMLOOPS
2268A00357.HDF,1-SD,5-BC,KAMLOOPS
2268A00361.HDF,1-SD,5-BC,KAMLOOPS
2268A00362.HDF,1-SD,5-BC,KAMLOOPS
2268A00365.HDF,1-SD,5-BC,KAMLOOPS
2268A00370.HDF,1-SD,5-BC,KAMLOOPS
2268A00371.HDF,1-SD,5-BC,KAMLOOPS
2268A00372.HDF,1-SD,5-BC,KAMLOOPS
2268A00376.HDF,1-SD,5-BC,KAMLOOPS
2268A00378.HDF,1-SD,5-BC,KAMLOOPS
2274A00005.HDF,1-SD,5-BC,VANCOUVER
2280A00001.HDF,1-SD,5-BC,VANCOUVER
2280A00004.HDF,1-SD,5-BC,VANCOUVER
2280A00014.HDF,1-SD,5-BC,VANCOUVER
2280A00032.HDF,1-SD,5-BC,VANCOUVER
2280A00038.HDF,1-SD,5-BC,VANCOUVER
2280A00043.HDF,1-SD,5-BC,VANCOUVER
2280A00044.HDF,1-SD,5-BC,VANCOUVER
2280A00045.HDF,2-DR,5-BC,VANCOUVER
2280A00056.HDF,1-SD,5-BC,VANCOUVER
2280A00072.HDF,1-SD,5-BC,VANCOUVER
2280A00079.HDF,1-SD,5-BC,VANCOUVER
2280A00080.HDF,1-SD,5-BC,VANCOUVER
2280A00082.HDF,1-SD,5-BC,VANCOUVER
2280A00095.HDF,1-SD,5-BC,VANCOUVER
2280A00096.HDF,1-SD,5-BC,VANCOUVER
2280A00100.HDF,1-SD,5-BC,VANCOUVER
2280A00101.HDF,1-SD,5-BC,VANCOUVER
2280A00103.HDF,1-SD,5-BC,VANCOUVER
2280A00118.HDF,1-SD,5-BC,VANCOUVER
2280A00119.HDF,2-DR,5-BC,VANCOUVER
2280A00123.HDF,1-SD,5-BC,VANCOUVER
2280A00139.HDF,1-SD,5-BC,VANCOUVER
2280A00152.HDF,1-SD,5-BC,VANCOUVER
2280A00161.HDF,1-SD,5-BC,VANCOUVER
2280A00165.HDF,1-SD,5-BC,VANCOUVER
2280A00168.HDF,1-SD,5-BC,VANCOUVER
2280A00172.HDF,1-SD,5-BC,VANCOUVER
2280A00175.HDF,1-SD,5-BC,VANCOUVER
2280A00178.HDF,1-SD,5-BC,VANCOUVER
2280A00180.HDF,1-SD,5-BC,VANCOUVER
2280A00191.HDF,2-DR,5-BC,VANCOUVER
2280A00201.HDF,1-SD,5-BC,VANCOUVER
2280A00202.HDF,1-SD,5-BC,VANCOUVER
2280A00209.HDF,1-SD,5-BC,VANCOUVER
2280A00212.HDF,2-DR,5-BC,VANCOUVER
2280A00220.HDF,1-SD,5-BC,VANCOUVER
2280A00229.HDF,1-SD,5-BC,VANCOUVER
2280A00243.HDF,1-SD,5-BC,VANCOUVER
2280A00256.HDF,1-SD,5-BC,VANCOUVER
2280A00268.HDF,2-DR,5-BC,VANCOUVER
2280A00278.HDF,1-SD,5-BC,VANCOUVER
2280A00291.HDF,1-SD,5-BC,VANCOUVER
2280A00294.HDF,1-SD,5-BC,VANCOUVER
2280A00298.HDF,1-SD,5-BC,VANCOUVER
2280A00301.HDF,1-SD,5-BC,VANCOUVER
2280A00309.HDF,2-DR,5-BC,VANCOUVER
2280A00312.HDF,1-SD,5-BC,VANCOUVER
2280A00313.HDF,1-SD,5-BC,VANCOUVER
2280A00315.HDF,1-SD,5-BC,VANCOUVER
2280A00318.HDF,2-DR,5-BC,VANCOUVER
2280A00327.HDF,1-SD,5-BC,VANCOUVER
2280A00329.HDF,1-SD,5-BC,VANCOUVER
2280A00336.HDF,1-SD,5-BC,VANCOUVER
2280A00341.HDF,1-SD,5-BC,VANCOUVER
2280A00349.HDF,1-SD,5-BC,VANCOUVER
2280A00361.HDF,1-SD,5-BC,VANCOUVER
2280A00362.HDF,1-SD,5-BC,VANCOUVER
2280A00368.HDF,1-SD,5-BC,VANCOUVER
2280A00372.HDF,1-SD,5-BC,VANCOUVER
2280A00377.HDF,1-SD,5-BC,VANCOUVER
2280A00380.HDF,1-SD,5-BC,VANCOUVER
2280A00382.HDF,1-SD,5-BC,VANCOUVER
2280A00385.HDF,1-SD,5-BC,VANCOUVER
2280A00395.HDF,1-SD,5-BC,VANCOUVER
2280A00397.HDF,2-DR,5-BC,VANCOUVER
2280A00403.HDF,1-SD,5-BC,VANCOUVER
2280A00404.HDF,1-SD,5-BC,VANCOUVER
2280A00405.HDF,1-SD,5-BC,VANCOUVER
2280A00406.HDF,2-DR,5-BC,VANCOUVER
2280A00420.HDF,1-SD,5-BC,VANCOUVER
2280A00435.HDF,1-SD,5-BC,VANCOUVER
2280A00455.HDF,1-SD,5-BC,VANCOUVER
2280A00456.HDF,1-SD,5-BC,VANCOUVER
2280A00462.HDF,1-SD,5-BC,VANCOUVER
2280A00463.HDF,1-SD,5-BC,VANCOUVER
2280A00464.HDF,1-SD,5-BC,VANCOUVER
2280A00467.HDF,1-SD,5-BC,VANCOUVER
2280A00481.HDF,2-DR,5-BC,VANCOUVER
2280A00483.HDF,1-SD,5-BC,VANCOUVER
2280A00488.HDF,1-SD,5-BC,VANCOUVER
2280A00489.HDF,1-SD,5-BC,VANCOUVER
2280A00492.HDF,1-SD,5-BC,VANCOUVER
2280A00493.HDF,1-SD,5-BC,VANCOUVER
2280A00497.HDF,1-SD,5-BC,VANCOUVER
2280A00501.HDF,1-SD,5-BC,VANCOUVER
2280A00502.HDF,1-SD,5-BC,VANCOUVER
2280A00505.HDF,2-DR,5-BC,VANCOUVER
2280A00506.HDF,2-DR,5-BC,VANCOUVER
2280A00514.HDF,1-SD,5-BC,VANCOUVER
2280A00516.HDF,1-SD,5-BC,VANCOUVER
2280A00517.HDF,1-SD,5-BC,VANCOUVER
2280A00519.HDF,1-SD,5-BC,VANCOUVER
2280A00540.HDF,1-SD,5-BC,VANCOUVER
2280A00541.HDF,1-SD,5-BC,VANCOUVER
2280A00545.HDF,1-SD,5-BC,VANCOUVER
2280A00553.HDF,1-SD,5-BC,VANCOUVER
2280A00557.HDF,1-SD,5-BC,VANCOUVER
2280A00558.HDF,1-SD,5-BC,VANCOUVER
2280A00561.HDF,1-SD,5-BC,VANCOUVER
2280A00566.HDF,1-SD,5-BC,VANCOUVER
2280A00568.HDF,1-SD,5-BC,VANCOUVER
2280A00569.HDF,1-SD,5-BC,VANCOUVER
2280A00572.HDF,1-SD,5-BC,VANCOUVER
2280A00573.HDF,1-SD,5-BC,VANCOUVER
2280A00576.HDF,1-SD,5-BC,VANCOUVER
2280A00585.HDF,1-SD,5-BC,VANCOUVER
2280A00586.HDF,1-SD,5-BC,VANCOUVER
2280A00595.HDF,1-SD,5-BC,VANCOUVER
2280A00596.HDF,1-SD,5-BC,VANCOUVER
2280A00598.HDF,2-DR,5-BC,VANCOUVER
2280A00601.HDF,1-SD,5-BC,VANCOUVER
2280A00602.HDF,1-SD,5-BC,VANCOUVER
2280A00610.HDF,2-DR,5-BC,VANCOUVER
2280A00613.HDF,1-SD,5-BC,VANCOUVER
2280A00614.HDF,1-SD,5-BC,VANCOUVER
2280A00616.HDF,1-SD,5-BC,VANCOUVER
2280A00618.HDF,1-SD,5-BC,VANCOUVER
2280A00642.HDF,1-SD,5-BC,VANCOUVER
2280A00645.HDF,1-SD,5-BC,VANCOUVER
2280A00647.HDF,1-SD,5-BC,VANCOUVER
2280A00649.HDF,1-SD,5-BC,VANCOUVER
2280A00656.HDF,1-SD,5-BC,VANCOUVER
2280A00657.HDF,1-SD,5-BC,VANCOUVER
2280A00669.HDF,1-SD,5-BC,VANCOUVER
2282A00003.HDF,1-SD,5-BC,VANCOUVER
2282A00007.HDF,1-SD,5-BC,VANCOUVER
2282A00011.HDF,2-DR,5-BC,VANCOUVER
2282A00014.HDF,1-SD,5-BC,VANCOUVER
2282A00027.HDF,1-SD,5-BC,VANCOUVER
2282A00035.HDF,1-SD,5-BC,VANCOUVER
2282A00037.HDF,1-SD,5-BC,VANCOUVER
2282A00041.HDF,1-SD,5-BC,VANCOUVER
2282A00048.HDF,1-SD,5-BC,VANCOUVER
2282A00056.HDF,1-SD,5-BC,VANCOUVER
2293A00017.HDF,2-DR,5-BC,VANCOUVER
2293A00019.HDF,1-SD,5-BC,VANCOUVER
2293A00021.HDF,1-SD,5-BC,VICTORIA
2293A00028.HDF,1-SD,5-BC,VICTORIA
2293A00031.HDF,1-SD,5-BC,VANCOUVER
2293A00036.HDF,1-SD,5-BC,VICTORIA
2293A00037.HDF,1-SD,5-BC,VICTORIA
2293A00038.HDF,1-SD,5-BC,VICTORIA
2293A00048.HDF,1-SD,5-BC,VICTORIA
22B1A00005.HDF,1-SD,5-BC,VICTORIA
22B1A00009.HDF,2-DR,5-BC,VICTORIA
22B1A00011.HDF,1-SD,5-BC,VICTORIA
22B1A00022.HDF,1-SD,5-BC,VICTORIA
22B1A00025.HDF,1-SD,5-BC,VICTORIA
22B1A00028.HDF,1-SD,5-BC,VICTORIA
22B1A00030.HDF,1-SD,5-BC,VICTORIA
22B1A00032.HDF,1-SD,5-BC,VICTORIA
22F1A00101.HDF,2-DR,5-BC,WILLIAMS LAKE
22F1A00110.HDF,1-SD,5-BC,WILLIAMS LAKE
22F1A00112.HDF,1-SD,5-BC,WILLIAMS LAKE
22F2A00104.HDF,1-SD,5-BC,PRINCE GEORGE
22F2A00106.HDF,1-SD,5-BC,SMITHERS
22F2A00109.HDF,1-SD,5-BC,SMITHERS
22F4A00001.HDF,1-SD,5-BC,PRINCE RUPERT
22F4A00005.HDF,1-SD,5-BC,SMITHERS
22F4A00010.HDF,1-SD,5-BC,SMITHERS
22F4A00097.HDF,1-SD,5-BC,SMITHERS
22F4A00108.HDF,1-SD,5-BC,SMITHERS
22F4A00116.HDF,1-SD,5-BC,PRINCE RUPERT
22F4A00122.HDF,2-DR,5-BC,SMITHERS
22F4A00123.HDF,2-DR,5-BC,SMITHERS
22F4A00129.HDF,1-SD,5-BC,SMITHERS
22F4A00137.HDF,1-SD,5-BC,SMITHERS
22F4A00139.HDF,1-SD,5-BC,SMITHERS
22F4A00141.HDF,2-DR,5-BC,PRINCE RUPERT
22F4A00142.HDF,2-DR,5-BC,SMITHERS
22F4A00143.HDF,2-DR,5-BC,SMITHERS
22F4A00147.HDF,1-SD,5-BC,SMITHERS
22F4A00154.HDF,1-SD,5-BC,SMITHERS
22F4A00156.HDF,1-SD,5-BC,SMITHERS
22F4A00158.HDF,1-SD,5-BC,PRINCE RUPERT
22F4A00164.HDF,1-SD,5-BC,PRINCE RUPERT
22F4A00176.HDF,1-SD,5-BC,SMITHERS
22F5A00104.HDF,1-SD,5-BC,SMITHERS
22F5A00106.HDF,1-SD,5-BC,SMITHERS
22F5A00108.HDF,1-SD,5-BC,SMITHERS
22F5A00109.HDF,1-SD,5-BC,SMITHERS
22F5A00110.HDF,1-SD,5-BC,SMITHERS
2303A00764.HDF,1-SD,5-BC,FORT ST. JOHN
2303A01002.HDF,1-SD,5-BC,FORT ST. JOHN
2303A01003.HDF,1-SD,5-BC,FORT ST. JOHN
2303A01006.HDF,1-SD,5-BC,FORT ST. JOHN
2303A01007.HDF,1-SD,5-BC,FORT ST. JOHN
2303A01176.HDF,1-SD,5-BC,FORT ST. JOHN
2303A01190.HDF,1-SD,5-BC,FORT ST. JOHN
2304A00237.HDF,1-SD,5-BC,FORT ST. JOHN
2304A01011.HDF,1-SD,5-BC,FORT ST. JOHN
2304A01030.HDF,1-SD,5-BC,FORT ST. JOHN
2304A01031.HDF,1-SD,5-BC,FORT ST. JOHN
2304A01038.HDF,1-SD,5-BC,FORT ST. JOHN
2304A01044.HDF,1-SD,5-BC,FORT ST. JOHN
2307A00846.HDF,1-SD,5-BC,FORT ST. JOHN
2307A01097.HDF,1-SD,5-BC,FORT ST. JOHN
2307A01128.HDF,1-SD,5-BC,FORT ST. JOHN
2307A01330.HDF,1-SD,5-BC,FORT ST. JOHN
2322A00012.HDF,1-SD,5-BC,FORT ST. JOHN
2322A00027.HDF,1-SD,5-BC,FORT ST. JOHN
2322A00050.HDF,1-SD,5-BC,FORT ST. JOHN
2322A00051.HDF,1-SD,5-BC,FORT ST. JOHN
2322A00058.HDF,1-SD,5-BC,FORT ST. JOHN
2322A00061.HDF,1-SD,5-BC,FORT ST. JOHN
2322A00064.HDF,1-SD,5-BC,FORT ST. JOHN
2322A00095.HDF,1-SD,5-BC,FORT ST. JOHN
2322A00106.HDF,1-SD,5-BC,FORT ST. JOHN
2322A00108.HDF,1-SD,5-BC,FORT ST. JOHN
2322A00137.HDF,2-DR,5-BC,FORT ST. JOHN
2322A00138.HDF,1-SD,5-BC,FORT ST. JOHN
2322A00142.HDF,1-SD,5-BC,FORT ST. JOHN
2322A00148.HDF,2-DR,5-BC,FORT ST. JOHN
2322A00149.HDF,1-SD,5-BC,FORT ST. JOHN
2322A00159.HDF,1-SD,5-BC,FORT ST. JOHN
2322A00173.HDF,1-SD,5-BC,FORT ST. JOHN
2322A00176.HDF,1-SD,5-BC,FORT ST. JOHN
2322A00183.HDF,1-SD,5-BC,FORT ST. JOHN
2322A00185.HDF,1-SD,5-BC,FORT ST. JOHN
2322A00186.HDF,1-SD,5-BC,FORT ST. JOHN
2322A00206.HDF,2-DR,5-BC,FORT ST. JOHN
2322A00219.HDF,2-DR,5-BC,FORT ST. JOHN
2322A00221.HDF,1-SD,5-BC,FORT ST. JOHN
2322A00222.HDF,1-SD,5-BC,FORT NELSON
2322A00234.HDF,1-SD,5-BC,FORT ST. JOHN
2322A00249.HDF,1-SD,5-BC,FORT ST. JOHN
2322A00273.HDF,1-SD,5-BC,FORT ST. JOHN
2322A00275.HDF,1-SD,5-BC,FORT NELSON
2322A00276.HDF,1-SD,5-BC,FORT NELSON
2322A00279.HDF,1-SD,5-BC,FORT NELSON
2322A00281.HDF,1-SD,5-BC,FORT NELSON
2322A00282.HDF,1-SD,5-BC,FORT NELSON
2322A00284.HDF,1-SD,5-BC,FORT NELSON
2322A00289.HDF,1-SD,5-BC,FORT ST. JOHN
2322A00299.HDF,1-SD,5-BC,FORT ST. JOHN
2322A00306.HDF,1-SD,5-BC,FORT ST. JOHN
2322A00308.HDF,1-SD,5-BC,FORT ST. JOHN
2322A00310.HDF,1-SD,5-BC,FORT NELSON
2322A00313.HDF,1-SD,5-BC,FORT NELSON
2322A00316.HDF,1-SD,5-BC,FORT NELSON
2335A00505.HDF,1-SD,5-BC,FORT ST. JOHN
2335A00507.HDF,1-SD,5-BC,FORT ST. JOHN
2335A00508.HDF,1-SD,5-BC,FORT ST. JOHN
2335A00509.HDF,1-SD,5-BC,FORT ST. JOHN
2341A00730.HDF,1-SD,5-BC,FORT ST. JOHN
2341A00740.HDF,1-SD,5-BC,FORT ST. JOHN
2341A00741.HDF,1-SD,5-BC,FORT ST. JOHN
2357A00628.HDF,1-SD,5-BC,FORT ST. JOHN
2357A00656.HDF,1-SD,5-BC,FORT ST. JOHN
2357A00675.HDF,1-SD,5-BC,FORT ST. JOHN
2357A00677.HDF,1-SD,5-BC,FORT ST. JOHN
2357A00729.HDF,1-SD,5-BC,FORT ST. JOHN
2357A00731.HDF,2-DR,5-BC,FORT ST. JOHN
2357A01035.HDF,1-SD,5-BC,FORT ST. JOHN
2357A01037.HDF,1-SD,5-BC,FORT ST. JOHN
2357A01135.HDF,1-SD,5-BC,FORT ST. JOHN
2357A01137.HDF,1-SD,5-BC,FORT ST. JOHN
2357A01139.HDF,1-SD,5-BC,FORT ST. JOHN
2363A00361.HDF,1-SD,5-BC,FORT ST. JOHN
2363A00365.HDF,1-SD,5-BC,FORT ST. JOHN
2363A00366.HDF,1-SD,5-BC,FORT ST. JOHN
2363A00371.HDF,1-SD,5-BC,FORT ST. JOHN
2363A00639.HDF,1-SD,5-BC,FORT ST. JOHN
2363A00646.HDF,1-SD,5-BC,FORT ST. JOHN
2363A00847.HDF,2-DR,5-BC,FORT ST. JOHN
2363A00851.HDF,1-SD,5-BC,FORT ST. JOHN
2363A00852.HDF,1-SD,5-BC,FORT ST. JOHN
2363A00856.HDF,2-DR,5-BC,FORT ST. JOHN
3401A00077.HDF,1-SD,5-BC,VICTORIA
3401A00082.HDF,1-SD,5-BC,VICTORIA
3401A00086.HDF,1-SD,5-BC,VANCOUVER
3401A00088.HDF,1-SD,5-BC,VICTORIA
3401A00164.HDF,1-SD,5-BC,VICTORIA
3401A00181.HDF,1-SD,5-BC,VANCOUVER
3404A00619.HDF,1-SD,5-BC,FORT ST. JOHN
3404A00787.HDF,1-SD,5-BC,FORT ST. JOHN
3404A01111.HDF,1-SD,5-BC,FORT ST. JOHN
3404A01422.HDF,1-SD,5-BC,FORT ST. JOHN
3406A00368.HDF,2-DR,5-BC,VICTORIA
3406A00389.HDF,1-SD,5-BC,VICTORIA
3406A00697.HDF,1-SD,5-BC,VICTORIA
3406A00698.HDF,1-SD,5-BC,VICTORIA
3406A00702.HDF,1-SD,5-BC,VICTORIA
3406A00714.HDF,1-SD,5-BC,VICTORIA
3406A00720.HDF,1-SD,5-BC,VICTORIA
3406A00733.HDF,1-SD,5-BC,VANCOUVER
3406A00737.HDF,1-SD,5-BC,VICTORIA
3406A00739.HDF,1-SD,5-BC,VICTORIA
3406A00743.HDF,1-SD,5-BC,VICTORIA
3406A00752.HDF,1-SD,5-BC,VICTORIA
3418A00039.HDF,1-SD,5-BC,KAMLOOPS
3433A00136.HDF,1-SD,5-BC,VANCOUVER
3433A00150.HDF,1-SD,5-BC,CASTLEGAR
3433A00152.HDF,2-DR,5-BC,KAMLOOPS
3433A00219.HDF,1-SD,5-BC,CASTLEGAR
3433A00220.HDF,1-SD,5-BC,CASTLEGAR
3441A00010.HDF,1-SD,5-BC,VANCOUVER
3441A00021.HDF,1-SD,5-BC,KAMLOOPS
3441A00038.HDF,1-SD,5-BC,VICTORIA
3441A00039.HDF,1-SD,5-BC,KAMLOOPS
3501A00009.HDF,1-SD,5-BC,VANCOUVER
3501A00010.HDF,1-SD,5-BC,VANCOUVER
3501A00014.HDF,2-DR,5-BC,VANCOUVER
3501A00019.HDF,1-SD,5-BC,VANCOUVER
3501A00021.HDF,2-DR,5-BC,VANCOUVER
3501A00023.HDF,1-SD,5-BC,VANCOUVER
3501A00024.HDF,2-DR,5-BC,VANCOUVER
3501A00026.HDF,1-SD,5-BC,VANCOUVER
3501A00048.HDF,1-SD,5-BC,SUMMERLAND
3502A00012.HDF,1-SD,5-BC,VANCOUVER
3502A00013.HDF,1-SD,5-BC,PRINCE RUPERT
3502A00014.HDF,1-SD,5-BC,PRINCE RUPERT
3502A00015.HDF,1-SD,5-BC,PRINCE RUPERT
3502A00017.HDF,1-SD,5-BC,PRINCE RUPERT
3502A00018.HDF,1-SD,5-BC,PRINCE RUPERT
3502A00020.HDF,1-SD,5-BC,PRINCE RUPERT
3502A00030.HDF,1-SD,5-BC,VANCOUVER
3502A00044.HDF,1-SD,5-BC,VANCOUVER
3502A00051.HDF,1-SD,5-BC,VANCOUVER
3502A00053.HDF,1-SD,5-BC,VANCOUVER
3502A00066.HDF,1-SD,5-BC,VANCOUVER
3502A00067.HDF,1-SD,5-BC,VANCOUVER
3502A00071.HDF,2-DR,5-BC,VANCOUVER
3502A00076.HDF,1-SD,5-BC,ABBOTSFORD
3502A00078.HDF,1-SD,5-BC,VANCOUVER
3503A00010.HDF,1-SD,5-BC,KAMLOOPS
3503A00011.HDF,1-SD,5-BC,KAMLOOPS
3503A00014.HDF,1-SD,5-BC,SUMMERLAND
3503A00019.HDF,1-SD,5-BC,KAMLOOPS
3503A00021.HDF,1-SD,5-BC,SUMMERLAND
3503A00031.HDF,1-SD,5-BC,SUMMERLAND
3503A00033.HDF,1-SD,5-BC,SUMMERLAND
3503A00040.HDF,2-DR,5-BC,SUMMERLAND
3503A00041.HDF,2-DR,5-BC,SUMMERLAND
3503A00050.HDF,1-SD,5-BC,SUMMERLAND
3503A00054.HDF,1-SD,5-BC,KAMLOOPS
3503A00060.HDF,1-SD,5-BC,KAMLOOPS
3504A00001.HDF,1-SD,5-BC,VANCOUVER
3504A00002.HDF,1-SD,5-BC,VANCOUVER
3504A00008.HDF,1-SD,5-BC,VANCOUVER
3504A00015.HDF,1-SD,5-BC,CASTLEGAR
3504A00016.HDF,1-SD,5-BC,CASTLEGAR
3504A00021.HDF,1-SD,5-BC,ABBOTSFORD
3504A00028.HDF,1-SD,5-BC,VANCOUVER
3506A00026.HDF,1-SD,5-BC,VANCOUVER
3506A00060.HDF,1-SD,5-BC,VANCOUVER
3506A00061.HDF,1-SD,5-BC,VANCOUVER
3506A00064.HDF,1-SD,5-BC,SUMMERLAND
3506A00072.HDF,1-SD,5-BC,VANCOUVER
3506A00089.HDF,1-SD,5-BC,VANCOUVER
3506A00104.HDF,1-SD,5-BC,VANCOUVER
3506A00117.HDF,1-SD,5-BC,VANCOUVER
3506A00119.HDF,1-SD,5-BC,VANCOUVER
3506A00121.HDF,1-SD,5-BC,ABBOTSFORD
3506A00130.HDF,1-SD,5-BC,VANCOUVER
3506A00135.HDF,1-SD,5-BC,VANCOUVER
3506A00137.HDF,1-SD,5-BC,VANCOUVER
3506A00140.HDF,1-SD,5-BC,VANCOUVER
3506A00141.HDF,1-SD,5-BC,VANCOUVER
3506A00146.HDF,1-SD,5-BC,VANCOUVER
3506A00149.HDF,1-SD,5-BC,VANCOUVER
3506A00154.HDF,1-SD,5-BC,VANCOUVER
3506A00161.HDF,1-SD,5-BC,VANCOUVER
3506A00167.HDF,1-SD,5-BC,VANCOUVER
3506A00174.HDF,1-SD,5-BC,SUMMERLAND
3506A00181.HDF,1-SD,5-BC,VANCOUVER
3506A00188.HDF,1-SD,5-BC,VANCOUVER
3506A00189.HDF,1-SD,5-BC,VANCOUVER
3506A00192.HDF,1-SD,5-BC,ABBOTSFORD
3506A00193.HDF,1-SD,5-BC,VANCOUVER
3506A00202.HDF,1-SD,5-BC,VANCOUVER
3506A00224.HDF,1-SD,5-BC,VANCOUVER
3506A00225.HDF,1-SD,5-BC,VANCOUVER
3506A00226.HDF,1-SD,5-BC,VANCOUVER
3506A00228.HDF,1-SD,5-BC,VANCOUVER
3506A00237.HDF,1-SD,5-BC,ABBOTSFORD
3506A00244.HDF,1-SD,5-BC,VANCOUVER
3506A00246.HDF,1-SD,5-BC,VANCOUVER
3506A00284.HDF,1-SD,5-BC,VANCOUVER
3506A00290.HDF,1-SD,5-BC,VANCOUVER
3506A00295.HDF,1-SD,5-BC,VANCOUVER
3506A00313.HDF,1-SD,5-BC,VANCOUVER
3506A00326.HDF,1-SD,5-BC,VANCOUVER
3506A00343.HDF,1-SD,5-BC,VANCOUVER
3506A00346.HDF,1-SD,5-BC,VANCOUVER
3506A00351.HDF,1-SD,5-BC,VANCOUVER
3507A00003.HDF,2-DR,5-BC,VANCOUVER
3507A00015.HDF,1-SD,5-BC,VANCOUVER
3507A00021.HDF,1-SD,5-BC,VANCOUVER
3507A00023.HDF,1-SD,5-BC,VANCOUVER
3507A00033.HDF,1-SD,5-BC,VANCOUVER
3507A00034.HDF,1-SD,5-BC,VANCOUVER
3507A00040.HDF,1-SD,5-BC,VANCOUVER
3507A00041.HDF,2-DR,5-BC,VANCOUVER
3507A00047.HDF,1-SD,5-BC,VANCOUVER
3507A00051.HDF,1-SD,5-BC,VANCOUVER
3507A00052.HDF,1-SD,5-BC,VANCOUVER
3507A00054.HDF,1-SD,5-BC,VANCOUVER
3508A00007.HDF,1-SD,5-BC,VANCOUVER
3508A00014.HDF,1-SD,5-BC,VANCOUVER
3508A00027.HDF,2-DR,5-BC,SUMMERLAND
3508A00028.HDF,2-DR,5-BC,SUMMERLAND
3508A00030.HDF,1-SD,5-BC,VANCOUVER
3508A00039.HDF,1-SD,5-BC,VANCOUVER
3508A00047.HDF,1-SD,5-BC,VANCOUVER
3508A00053.HDF,1-SD,5-BC,VANCOUVER
3508A00060.HDF,1-SD,5-BC,VANCOUVER
3508A00064.HDF,1-SD,5-BC,VANCOUVER
3508A00073.HDF,1-SD,5-BC,VANCOUVER
3508A00082.HDF,1-SD,5-BC,VANCOUVER
3508A00086.HDF,1-SD,5-BC,SUMMERLAND
3508A00095.HDF,1-SD,5-BC,VANCOUVER
3508A00107.HDF,1-SD,5-BC,VANCOUVER
3508A00108.HDF,1-SD,5-BC,VANCOUVER
3508A00111.HDF,1-SD,5-BC,VANCOUVER
3508A00122.HDF,1-SD,5-BC,VANCOUVER
3508A00127.HDF,1-SD,5-BC,VANCOUVER
3508A00136.HDF,1-SD,5-BC,VANCOUVER
3508A00150.HDF,1-SD,5-BC,VANCOUVER
3508A00160.HDF,1-SD,5-BC,VANCOUVER
3508A00167.HDF,1-SD,5-BC,VANCOUVER
3508A00171.HDF,1-SD,5-BC,VANCOUVER
3508A00179.HDF,1-SD,5-BC,VANCOUVER
3508A00180.HDF,1-SD,5-BC,VANCOUVER
3508A00197.HDF,1-SD,5-BC,VANCOUVER
3508A00200.HDF,1-SD,5-BC,VANCOUVER
3508A00202.HDF,1-SD,5-BC,VANCOUVER
3508A00209.HDF,1-SD,5-BC,VANCOUVER
3508A00210.HDF,1-SD,5-BC,VANCOUVER
3508A00217.HDF,1-SD,5-BC,VANCOUVER
3508A00218.HDF,2-DR,5-BC,VANCOUVER
3508A00221.HDF,1-SD,5-BC,VANCOUVER
3508A00247.HDF,1-SD,5-BC,VANCOUVER
3508A00256.HDF,1-SD,5-BC,VANCOUVER
3508A00272.HDF,1-SD,5-BC,VANCOUVER
3508A00285.HDF,1-SD,5-BC,ABBOTSFORD
3508A00293.HDF,1-SD,5-BC,VANCOUVER
3508A00298.HDF,1-SD,5-BC,VANCOUVER
3508A00316.HDF,1-SD,5-BC,VANCOUVER
3508A00324.HDF,1-SD,5-BC,VANCOUVER
3508A00328.HDF,1-SD,5-BC,VANCOUVER
3508A00340.HDF,1-SD,5-BC,VANCOUVER
3508A00375.HDF,1-SD,5-BC,VANCOUVER
3508A00376.HDF,1-SD,5-BC,VANCOUVER
3508A00384.HDF,1-SD,5-BC,VANCOUVER
3508A00386.HDF,1-SD,5-BC,VANCOUVER
3508A00403.HDF,1-SD,5-BC,VANCOUVER
3508A00407.HDF,1-SD,5-BC,VANCOUVER
3508A00413.HDF,2-DR,5-BC,VANCOUVER
3508A00414.HDF,1-SD,5-BC,VANCOUVER
3508A00427.HDF,1-SD,5-BC,VANCOUVER
3508A00439.HDF,1-SD,5-BC,VANCOUVER
3508A00451.HDF,1-SD,5-BC,VANCOUVER
3508A00464.HDF,1-SD,5-BC,VANCOUVER
3508A00477.HDF,1-SD,5-BC,VANCOUVER
3508A00478.HDF,1-SD,5-BC,VANCOUVER
3508A00481.HDF,1-SD,5-BC,VANCOUVER
3508A00483.HDF,2-DR,5-BC,VANCOUVER
3508A00491.HDF,1-SD,5-BC,VANCOUVER
3508A00492.HDF,1-SD,5-BC,VANCOUVER
3508A00494.HDF,1-SD,5-BC,VANCOUVER
3508A00500.HDF,1-SD,5-BC,VANCOUVER
3508A00515.HDF,1-SD,5-BC,VANCOUVER
3508A00544.HDF,1-SD,5-BC,VANCOUVER
3508A00545.HDF,1-SD,5-BC,VANCOUVER
3509A00012.HDF,1-SD,5-BC,PRINCE GEORGE
3511A00013.HDF,1-SD,5-BC,SUMMERLAND
3511A00028.HDF,1-SD,5-BC,KAMLOOPS
3511A00033.HDF,2-DR,5-BC,VANCOUVER
3511A00036.HDF,1-SD,5-BC,SUMMERLAND
3511A00037.HDF,1-SD,5-BC,SUMMERLAND
3511A00041.HDF,1-SD,5-BC,KAMLOOPS
3511A00046.HDF,1-SD,5-BC,SUMMERLAND
3511A00049.HDF,1-SD,5-BC,CASTLEGAR
3511A00051.HDF,1-SD,5-BC,KAMLOOPS
3511A00060.HDF,1-SD,5-BC,CASTLEGAR
3511A00067.HDF,1-SD,5-BC,KAMLOOPS
3511A00079.HDF,1-SD,5-BC,KAMLOOPS
3511A00080.HDF,1-SD,5-BC,KAMLOOPS
3511A00082.HDF,1-SD,5-BC,CASTLEGAR
3511A00089.HDF,1-SD,5-BC,SUMMERLAND
3511A00091.HDF,1-SD,5-BC,KAMLOOPS
3511A00096.HDF,1-SD,5-BC,SUMMERLAND
3511A00106.HDF,1-SD,5-BC,KAMLOOPS
38EWA00011.HDF,2-DR,5-BC,VICTORIA
38EWA00015.HDF,1-SD,5-BC,VICTORIA
38EWA00020.HDF,1-SD,5-BC,VICTORIA
38EWA00032.HDF,1-SD,5-BC,VICTORIA
38EWA00034.HDF,1-SD,5-BC,VICTORIA
38EWA00035.HDF,1-SD,5-BC,VICTORIA
38EWA00049.HDF,1-SD,5-BC,VICTORIA
38EWA00057.HDF,1-SD,5-BC,VICTORIA
38EWA00061.HDF,1-SD,5-BC,VICTORIA
38EWA00063.HDF,1-SD,5-BC,VICTORIA
38EWA00065.HDF,1-SD,5-BC,VICTORIA
38EWA00066.HDF,1-SD,5-BC,VICTORIA
38EWA00067.HDF,1-SD,5-BC,VICTORIA
38EWA00073.HDF,1-SD,5-BC,VANCOUVER
38EWA00075.HDF,1-SD,5-BC,VANCOUVER
38EWA00077.HDF,1-SD,5-BC,VANCOUVER
38EWA00079.HDF,1-SD,5-BC,VICTORIA
38EWA00082.HDF,1-SD,5-BC,VICTORIA
38EWA00084.HDF,1-SD,5-BC,VICTORIA
38JMA00003.HDF,1-SD,5-BC,VICTORIA
38JMA00004.HDF,1-SD,5-BC,VICTORIA
38JMA00005.HDF,1-SD,5-BC,VICTORIA
38JMA00012.HDF,1-SD,5-BC,VICTORIA
38JMA00015.HDF,1-SD,5-BC,VICTORIA
38JMA00019.HDF,2-DR,5-BC,VICTORIA
38JMA00023.HDF,1-SD,5-BC,VICTORIA
38JMA00026.HDF,1-SD,5-BC,VICTORIA
38JMA00040.HDF,1-SD,5-BC,VICTORIA
38JMA00054.HDF,1-SD,5-BC,VICTORIA
38JMA00066.HDF,1-SD,5-BC,VANCOUVER
38JMA00067.HDF,1-SD,5-BC,VANCOUVER
38JMA00070.HDF,2-DR,5-BC,VICTORIA
38JMA00072.HDF,1-SD,5-BC,VANCOUVER
38JMA00073.HDF,2-DR,5-BC,VANCOUVER
38JMA00084.HDF,1-SD,5-BC,VANCOUVER
38JMA00109.HDF,1-SD,5-BC,VICTORIA
38JMA00111.HDF,1-SD,5-BC,VICTORIA
38JMA00117.HDF,1-SD,5-BC,VANCOUVER
38JMA00120.HDF,1-SD,5-BC,VICTORIA
38JMA00125.HDF,1-SD,5-BC,VICTORIA
38JMA00127.HDF,1-SD,5-BC,VICTORIA
38JMA00129.HDF,1-SD,5-BC,VICTORIA
38JMA00130.HDF,1-SD,5-BC,VICTORIA
38JMA00134.HDF,1-SD,5-BC,VICTORIA
38JMA00136.HDF,1-SD,5-BC,VANCOUVER
38JMA00142.HDF,1-SD,5-BC,VICTORIA
38JMA00143.HDF,1-SD,5-BC,VANCOUVER
38JMA00145.HDF,1-SD,5-BC,VANCOUVER
38JSA00003.HDF,1-SD,5-BC,VANCOUVER
38JSA00007.HDF,2-DR,5-BC,VANCOUVER
38JSA00009.HDF,2-DR,5-BC,VANCOUVER
38JSA00012.HDF,1-SD,5-BC,VANCOUVER
38JSA00020.HDF,1-SD,5-BC,VANCOUVER
38PHA00008.HDF,2-DR,5-BC,VANCOUVER
38PHA00012.HDF,1-SD,5-BC,VANCOUVER
38PHA00031.HDF,1-SD,5-BC,VANCOUVER
38PHA00035.HDF,1-SD,5-BC,VANCOUVER
38PHA00040.HDF,1-SD,5-BC,VANCOUVER
38PHA00047.HDF,2-DR,5-BC,VANCOUVER
38PHA00052.HDF,1-SD,5-BC,VANCOUVER
38PHA00054.HDF,1-SD,5-BC,VANCOUVER
38PHA00061.HDF,1-SD,5-BC,VANCOUVER
38PHA00070.HDF,2-DR,5-BC,VANCOUVER
38PHA00077.HDF,1-SD,5-BC,VANCOUVER
38PHA00083.HDF,1-SD,5-BC,VANCOUVER
38PHA00085.HDF,1-SD,5-BC,VANCOUVER
38PHA00088.HDF,1-SD,5-BC,VANCOUVER
38PHA00099.HDF,2-DR,5-BC,VANCOUVER
38SGA00024.HDF,1-SD,5-BC,VANCOUVER
38WHA00013.HDF,1-SD,5-BC,VANCOUVER
38WHA00014.HDF,2-DR,5-BC,ABBOTSFORD
38WHA00016.HDF,1-SD,5-BC,VANCOUVER
38WHA00017.HDF,1-SD,5-BC,ABBOTSFORD
38WHA00020.HDF,1-SD,5-BC,VANCOUVER
38WHA00023.HDF,1-SD,5-BC,ABBOTSFORD
38WHA00027.HDF,1-SD,5-BC,VANCOUVER
38WHA00034.HDF,1-SD,5-BC,VANCOUVER
38WHA00036.HDF,1-SD,5-BC,VANCOUVER
38WHA00037.HDF,2-DR,5-BC,VANCOUVER
38WHA00041.HDF,2-DR,5-BC,VANCOUVER
38WHA00042.HDF,2-DR,5-BC,VANCOUVER
38WHA00048.HDF,1-SD,5-BC,VANCOUVER
38WHA00049.HDF,2-DR,5-BC,VANCOUVER
38WHA00050.HDF,1-SD,5-BC,VANCOUVER
38WSA00003.HDF,2-DR,5-BC,VICTORIA
38WSA00026.HDF,1-SD,5-BC,VANCOUVER
38WSA00028.HDF,1-SD,5-BC,VANCOUVER
38WSA00036.HDF,2-DR,5-BC,VICTORIA
38WSA00039.HDF,1-SD,5-BC,VICTORIA
38WSA00052.HDF,1-SD,5-BC,VICTORIA
38WSA00056.HDF,1-SD,5-BC,VANCOUVER
38WSA00061.HDF,1-SD,5-BC,VICTORIA
38WSA00062.HDF,1-SD,5-BC,VICTORIA
38WSA00073.HDF,1-SD,5-BC,VANCOUVER
38WSA00080.HDF,1-SD,5-BC,VICTORIA
38WSA00087.HDF,1-SD,5-BC,VICTORIA
38WSA00089.HDF,1-SD,5-BC,VANCOUVER
38WSA00095.HDF,1-SD,5-BC,VICTORIA
38WSA00096.HDF,1-SD,5-BC,VANCOUVER
38WSA00098.HDF,1-SD,5-BC,VANCOUVER
38WSA00106.HDF,1-SD,5-BC,VICTORIA
38WSA00107.HDF,1-SD,5-BC,VICTORIA
38WSA00130.HDF,1-SD,5-BC,VANCOUVER
38WSA00140.HDF,2-DR,5-BC,VICTORIA
38WSA00141.HDF,2-DR,5-BC,VICTORIA
38WSA00142.HDF,1-SD,5-BC,VICTORIA
38WSA00143.HDF,1-SD,5-BC,VICTORIA
38WSA00144.HDF,1-SD,5-BC,VICTORIA
38WSA00147.HDF,1-SD,5-BC,VICTORIA
38WSA00150.HDF,1-SD,5-BC,VICTORIA
38WSA00153.HDF,1-SD,5-BC,VICTORIA
38WSA00159.HDF,2-DR,5-BC,VICTORIA
38WSA00170.HDF,1-SD,5-BC,VICTORIA
38WSA00171.HDF,1-SD,5-BC,VICTORIA
38WSA00172.HDF,1-SD,5-BC,VICTORIA
38WSA00178.HDF,1-SD,5-BC,VICTORIA
38WSA00182.HDF,1-SD,5-BC,VICTORIA
38WSA00184.HDF,1-SD,5-BC,VICTORIA
38WSA00185.HDF,2-DR,5-BC,VICTORIA
38WSA00188.HDF,2-DR,5-BC,VICTORIA
38WSA00194.HDF,1-SD,5-BC,VICTORIA
38WSA00202.HDF,1-SD,5-BC,VANCOUVER
38WSA00209.HDF,1-SD,5-BC,VICTORIA
38WSA00210.HDF,1-SD,5-BC,VICTORIA
38WSA00221.HDF,1-SD,5-BC,VICTORIA
38WSA00223.HDF,1-SD,5-BC,VICTORIA
38WSA00225.HDF,1-SD,5-BC,VICTORIA
38WSA00235.HDF,1-SD,5-BC,VICTORIA
38WSA00237.HDF,1-SD,5-BC,VANCOUVER
38WSA00240.HDF,1-SD,5-BC,VICTORIA
38WSA00242.HDF,1-SD,5-BC,VICTORIA
38WSA00243.HDF,1-SD,5-BC,VICTORIA
38WSA00246.HDF,1-SD,5-BC,VICTORIA
38WSA00247.HDF,2-DR,5-BC,VICTORIA
38WSA00248.HDF,1-SD,5-BC,VANCOUVER
38WSA00250.HDF,2-DR,5-BC,VICTORIA
38WSA00255.HDF,2-DR,5-BC,VICTORIA
38WSA00256.HDF,1-SD,5-BC,VICTORIA
38WSA00258.HDF,2-DR,5-BC,VICTORIA
38WSA00259.HDF,1-SD,5-BC,VICTORIA
38WSA00260.HDF,1-SD,5-BC,VICTORIA
38WSA00266.HDF,1-SD,5-BC,VICTORIA
38WSA00274.HDF,1-SD,5-BC,VICTORIA
38WSA00279.HDF,1-SD,5-BC,VICTORIA
38WSA00280.HDF,1-SD,5-BC,VICTORIA
38WSA00285.HDF,1-SD,5-BC,VICTORIA
38WSA00308.HDF,1-SD,5-BC,VICTORIA
38WSA00311.HDF,1-SD,5-BC,VICTORIA
38WSA00312.HDF,1-SD,5-BC,VICTORIA
5802A00003.HDF,1-SD,5-BC,VANCOUVER
5802A00006.HDF,1-SD,5-BC,VANCOUVER
5802A00008.HDF,1-SD,5-BC,VANCOUVER
5802A00011.HDF,2-DR,5-BC,VANCOUVER
5802A00017.HDF,1-SD,5-BC,VANCOUVER
5802A00019.HDF,1-SD,5-BC,VANCOUVER
5802A00028.HDF,1-SD,5-BC,VANCOUVER
5802A00032.HDF,1-SD,5-BC,VANCOUVER
5802A00039.HDF,1-SD,5-BC,VANCOUVER
5802A00050.HDF,1-SD,5-BC,VANCOUVER
5802A00064.HDF,1-SD,5-BC,VANCOUVER
5802A00067.HDF,1-SD,5-BC,VANCOUVER
5802A00070.HDF,1-SD,5-BC,VANCOUVER
5802A00073.HDF,1-SD,5-BC,VANCOUVER
5802A00075.HDF,1-SD,5-BC,VANCOUVER
5802A00077.HDF,1-SD,5-BC,VANCOUVER
5802A00082.HDF,2-DR,5-BC,VANCOUVER
5802A00085.HDF,1-SD,5-BC,VANCOUVER
5802A00086.HDF,1-SD,5-BC,VANCOUVER
5802A00090.HDF,2-DR,5-BC,VANCOUVER
5802A00091.HDF,1-SD,5-BC,VANCOUVER
5802A00097.HDF,1-SD,5-BC,VANCOUVER
5802A00102.HDF,1-SD,5-BC,VANCOUVER
5802A00104.HDF,1-SD,5-BC,VANCOUVER
5802A00108.HDF,1-SD,5-BC,VANCOUVER
5802A00109.HDF,1-SD,5-BC,VANCOUVER
5802A00110.HDF,1-SD,5-BC,VANCOUVER
5802A00113.HDF,1-SD,5-BC,VANCOUVER
5802A00116.HDF,1-SD,5-BC,VANCOUVER
5802A00119.HDF,1-SD,5-BC,VANCOUVER
5802A00120.HDF,1-SD,5-BC,VANCOUVER
5802A00125.HDF,1-SD,5-BC,VANCOUVER
5802A00129.HDF,1-SD,5-BC,VANCOUVER
5802A00132.HDF,1-SD,5-BC,VANCOUVER
5802A00133.HDF,2-DR,5-BC,VANCOUVER
5802A00136.HDF,1-SD,5-BC,VANCOUVER
5802A00139.HDF,1-SD,5-BC,VANCOUVER
5802A00140.HDF,1-SD,5-BC,VANCOUVER
5802A00142.HDF,1-SD,5-BC,VANCOUVER
5802A00153.HDF,1-SD,5-BC,VANCOUVER
5802A00155.HDF,2-DR,5-BC,VANCOUVER
5802A00156.HDF,1-SD,5-BC,VANCOUVER
5802A00162.HDF,1-SD,5-BC,VANCOUVER
5802A00166.HDF,1-SD,5-BC,VANCOUVER
5802A00169.HDF,1-SD,5-BC,VANCOUVER
5802A00172.HDF,1-SD,5-BC,VANCOUVER
5803A00002.HDF,1-SD,5-BC,VANCOUVER
5803A00009.HDF,2-DR,5-BC,VANCOUVER
5803A00012.HDF,1-SD,5-BC,VANCOUVER
5803A00019.HDF,1-SD,5-BC,VANCOUVER
5803A00023.HDF,1-SD,5-BC,VANCOUVER
5803A00029.HDF,1-SD,5-BC,ABBOTSFORD
5803A00034.HDF,1-SD,5-BC,VANCOUVER
5803A00039.HDF,1-SD,5-BC,VANCOUVER
5803A00057.HDF,1-SD,5-BC,VANCOUVER
5803A00058.HDF,1-SD,5-BC,VANCOUVER
5804A00005.HDF,1-SD,5-BC,VANCOUVER
5804A00011.HDF,1-SD,5-BC,VANCOUVER
5804A00032.HDF,1-SD,5-BC,VANCOUVER
5804A00039.HDF,1-SD,5-BC,VANCOUVER
5804A00040.HDF,1-SD,5-BC,VANCOUVER
5804A00048.HDF,1-SD,5-BC,VANCOUVER
5804A00054.HDF,1-SD,5-BC,VANCOUVER
5804A00078.HDF,1-SD,5-BC,VANCOUVER
5805A00011.HDF,2-DR,5-BC,VANCOUVER
5805A00013.HDF,1-SD,5-BC,VANCOUVER
5805A00015.HDF,1-SD,5-BC,VANCOUVER
5805A00017.HDF,1-SD,5-BC,VANCOUVER
5805A00019.HDF,1-SD,5-BC,VANCOUVER
5805A00020.HDF,1-SD,5-BC,VANCOUVER
5805A00021.HDF,1-SD,5-BC,VANCOUVER
5805A00023.HDF,1-SD,5-BC,VANCOUVER
5805A00027.HDF,1-SD,5-BC,VANCOUVER
5805A00042.HDF,2-DR,5-BC,VANCOUVER
5805A00052.HDF,1-SD,5-BC,VANCOUVER
5805A00055.HDF,1-SD,5-BC,VANCOUVER
5805A00060.HDF,1-SD,5-BC,VANCOUVER
5805A00064.HDF,2-DR,5-BC,VANCOUVER
5805A00069.HDF,2-DR,5-BC,VANCOUVER
5805A00076.HDF,1-SD,5-BC,VANCOUVER
5805A00085.HDF,1-SD,5-BC,VANCOUVER
5805A00087.HDF,1-SD,5-BC,VANCOUVER
5805A00097.HDF,2-DR,5-BC,VANCOUVER
5806A00006.HDF,1-SD,5-BC,VANCOUVER
5806A00013.HDF,1-SD,5-BC,VANCOUVER
5806A00014.HDF,1-SD,5-BC,VANCOUVER
5806A00015.HDF,1-SD,5-BC,VANCOUVER
5806A00016.HDF,2-DR,5-BC,VANCOUVER
5806A00022.HDF,2-DR,5-BC,VANCOUVER
5806A00034.HDF,2-DR,5-BC,VANCOUVER
5806A00036.HDF,1-SD,5-BC,VANCOUVER
5806A00053.HDF,1-SD,5-BC,VICTORIA
5806A00054.HDF,1-SD,5-BC,VANCOUVER
5807A00007.HDF,1-SD,5-BC,VANCOUVER
5807A00009.HDF,1-SD,5-BC,VANCOUVER
5807A00025.HDF,1-SD,5-BC,VANCOUVER
5807A00026.HDF,1-SD,5-BC,VANCOUVER
5807A00028.HDF,1-SD,5-BC,VANCOUVER
5807A00030.HDF,1-SD,5-BC,VANCOUVER
5807A00036.HDF,1-SD,5-BC,VANCOUVER
5807A00038.HDF,1-SD,5-BC,VANCOUVER
5807A00041.HDF,1-SD,5-BC,VANCOUVER
5807A00042.HDF,1-SD,5-BC,VANCOUVER
5807A00047.HDF,1-SD,5-BC,VANCOUVER
5807A00049.HDF,1-SD,5-BC,VANCOUVER
5807A00051.HDF,1-SD,5-BC,VANCOUVER
5807A00052.HDF,1-SD,5-BC,VANCOUVER
5807A00053.HDF,1-SD,5-BC,VANCOUVER
5807A00059.HDF,1-SD,5-BC,ABBOTSFORD
5807A00061.HDF,1-SD,5-BC,VANCOUVER
5807A00064.HDF,1-SD,5-BC,VANCOUVER
5808A00002.HDF,1-SD,5-BC,VANCOUVER
5808A00003.HDF,1-SD,5-BC,VANCOUVER
5808A00009.HDF,1-SD,5-BC,VANCOUVER
5808A00013.HDF,1-SD,5-BC,VANCOUVER
5808A00034.HDF,1-SD,5-BC,VANCOUVER
5808A00035.HDF,1-SD,5-BC,VANCOUVER
5808A00039.HDF,1-SD,5-BC,VANCOUVER
5808A00047.HDF,2-DR,5-BC,VANCOUVER
5808A00049.HDF,1-SD,5-BC,VANCOUVER
5808A00061.HDF,1-SD,5-BC,VANCOUVER
5808A00063.HDF,1-SD,5-BC,VANCOUVER
5808A00069.HDF,1-SD,5-BC,VANCOUVER
5808A00071.HDF,1-SD,5-BC,VANCOUVER
5808A00077.HDF,1-SD,5-BC,VANCOUVER
5808A00085.HDF,1-SD,5-BC,VANCOUVER
5808A00089.HDF,1-SD,5-BC,VANCOUVER
5808A00115.HDF,1-SD,5-BC,VANCOUVER
5808A00117.HDF,1-SD,5-BC,VANCOUVER
5808A00141.HDF,1-SD,5-BC,VANCOUVER
5808A00151.HDF,1-SD,5-BC,VANCOUVER
5808A00167.HDF,1-SD,5-BC,VANCOUVER
5808A00169.HDF,1-SD,5-BC,VANCOUVER
5808A00171.HDF,2-DR,5-BC,VANCOUVER
5808A00173.HDF,2-DR,5-BC,VANCOUVER
5808A00178.HDF,1-SD,5-BC,VANCOUVER
5808A00182.HDF,2-DR,5-BC,VANCOUVER
5808A00187.HDF,1-SD,5-BC,VANCOUVER
5808A00188.HDF,1-SD,5-BC,VANCOUVER
5808A00190.HDF,1-SD,5-BC,VANCOUVER
