House,hse_type,region,DHW filename,DHW multiplier,Dryer filename,Dryer multiplier,Stove-Other filename,Stove-Other multiplier
1083A00096,1-SD,1-AT,DHW_200_Lpd,0.970602739726027,Dryer-low,0.74,Stove-high,1.18
11BYA00030,1-SD,1-AT,DHW_200_Lpd,0.980547945205479,Dryer-low,0.00,Stove-med,0.96
11BYA00062,1-SD,1-AT,DHW_200_Lpd,0.906794520547945,Dryer-low,0.07,Stove-med,1.13
11BYA00089,1-SD,1-AT,DHW_200_Lpd,1.00747945205479,Dryer-low,0.94,Stove-high,1.22
11BYA00100,1-SD,1-AT,DHW_200_Lpd,1.0133698630137,Dryer-low,0.38,Stove-med,1.11
11BYA00157,1-SD,1-AT,DHW_200_Lpd,0.903109589041096,Dryer-med,0.85,Stove-high,1.23
11BYA00201,1-SD,1-AT,DHW_200_Lpd,1.07127397260274,Dryer-low,0.84,Stove-med,0.90
11BYA00225,1-SD,1-AT,DHW_300_Lpd,0.866109589041096,Dryer-low,0.00,Stove-high,1.64
11BYA00236,1-SD,1-AT,DHW_200_Lpd,1.16958904109589,Dryer-low,0.42,Stove-med,0.88
11BYA00273,1-SD,1-AT,DHW_300_Lpd,0.850054794520548,Dryer-low,0.56,Stove-med,0.90
11DDA00055,1-SD,1-AT,DHW_200_Lpd,1.00194520547945,Dryer-med,0.78,Stove-high,1.80
11DDA00061,1-SD,1-AT,DHW_200_Lpd,1.15583561643836,Dryer-low,0.00,Stove-med,1.22
11DDA00128,1-SD,1-AT,DHW_200_Lpd,0.761876712328767,Dryer-low,0.00,Stove-med,0.85
11DDA00143,1-SD,1-AT,DHW_200_Lpd,1.17246575342466,Dryer-low,0.00,Stove-med,1.06
11DMA00022,1-SD,1-AT,DHW_200_Lpd,1.04690410958904,Dryer-med,0.91,Stove-med,1.17
11GMA00004,1-SD,1-AT,DHW_200_Lpd,0.891520547945206,Dryer-med,0.76,Stove-high,0.87
11GMA00005,1-SD,1-AT,DHW_200_Lpd,0.958054794520548,Dryer-low,1.56,Stove-med,1.06
11GMA00011,1-SD,1-AT,DHW_200_Lpd,0.984602739726027,Dryer-low,0.39,Stove-med,1.05
11GMA00085,1-SD,1-AT,DHW_200_Lpd,0.85258904109589,Dryer-low,0.60,Stove-med,0.97
11GMA00142,1-SD,1-AT,DHW_200_Lpd,1.1013698630137,Dryer-low,0.74,Stove-med,1.12
11HTA00085,1-SD,1-AT,DHW_200_Lpd,1.12179452054795,Dryer-low,0.00,Stove-high,1.23
11HTA00113,1-SD,1-AT,DHW_200_Lpd,1.04361643835616,Dryer-med,0.93,Stove-high,1.27
11HTA00135,1-SD,1-AT,DHW_300_Lpd,0.859232876712329,Dryer-low,1.55,Stove-high,1.14
11JMA00103,1-SD,1-AT,DHW_200_Lpd,0.925972602739726,Dryer-low,1.07,Stove-med,1.11
11MLA00017,1-SD,1-AT,DHW_200_Lpd,1.1288904109589,Dryer-low,0.83,Stove-med,1.08
11MLA00022,1-SD,1-AT,DHW_300_Lpd,0.885223744292237,Dryer-low,0.68,Stove-high,1.13
11MLA00030,1-SD,1-AT,DHW_200_Lpd,0.963958904109589,Dryer-low,1.51,Stove-med,1.17
11MLA00047,1-SD,1-AT,DHW_200_Lpd,1.01594520547945,Dryer-low,1.37,Stove-med,1.30
11PTA00021,1-SD,1-AT,DHW_200_Lpd,0.817931506849315,Dryer-low,0.00,Stove-med,1.03
11PTA00032,1-SD,1-AT,DHW_200_Lpd,0.796534246575342,Dryer-low,1.00,Stove-high,0.81
11PTA00096,1-SD,1-AT,DHW_300_Lpd,0.843561643835616,Dryer-low,1.35,Stove-high,0.87
11PTA00103,1-SD,1-AT,DHW_200_Lpd,1.0052602739726,Dryer-low,0.33,Stove-med,0.89
11PTA00145,1-SD,1-AT,DHW_200_Lpd,0.839684931506849,Dryer-low,0.36,Stove-med,0.83
11PTA00180,1-SD,1-AT,DHW_200_Lpd,1.04139726027397,Dryer-low,0.00,Stove-med,1.11
11PTA00187,1-SD,1-AT,DHW_200_Lpd,0.904958904109589,Dryer-med,0.91,Stove-med,1.28
11PTA00209,1-SD,1-AT,DHW_200_Lpd,1.04287671232877,Dryer-low,0.61,Stove-high,1.01
11PTA00228,1-SD,1-AT,DHW_300_Lpd,0.879872146118721,Dryer-low,0.00,Stove-med,1.01
11PTA00241,1-SD,1-AT,DHW_200_Lpd,0.972068493150685,Dryer-low,0.00,Stove-med,1.19
11PTA00244,1-SD,1-AT,DHW_200_Lpd,1.19223287671233,Dryer-low,0.83,Stove-med,0.83
11PTA00246,1-SD,1-AT,DHW_200_Lpd,0.983876712328767,Dryer-low,0.62,Stove-med,0.93
11PTA00273,1-SD,1-AT,DHW_200_Lpd,0.814602739726027,Dryer-low,0.07,Stove-med,1.01
11SWA00023,1-SD,1-AT,DHW_300_Lpd,0.912739726027397,Dryer-low,1.28,Stove-high,1.09
11SWA00056,1-SD,1-AT,DHW_200_Lpd,1.02798630136986,Dryer-low,0.40,Stove-med,1.16
11SWA00118,1-SD,1-AT,DHW_200_Lpd,0.926712328767123,Dryer-low,0.36,Stove-med,0.95
11SWA00120,1-SD,1-AT,DHW_300_Lpd,0.895159817351598,Dryer-low,0.00,Stove-high,0.84
11SWA00126,1-SD,1-AT,DHW_200_Lpd,0.966534246575342,Dryer-low,0.00,Stove-high,0.88
2264A00017,1-SD,1-AT,DHW_200_Lpd,0.973465753424658,Dryer-low,0.22,Stove-med,1.17
2264A00021,1-SD,1-AT,DHW_200_Lpd,1.01461643835616,Dryer-low,0.00,Stove-med,1.00
2264A00034,1-SD,1-AT,DHW_200_Lpd,0.926698630136986,Dryer-low,0.19,Stove-med,0.96
2299A00045,1-SD,1-AT,DHW_200_Lpd,1.10793150684931,Dryer-low,0.57,Stove-med,0.97
2299A00055,1-SD,1-AT,DHW_200_Lpd,0.82127397260274,Dryer-low,0.95,Stove-med,1.05
2299A00072,1-SD,1-AT,DHW_200_Lpd,0.983876712328767,Dryer-high,0.95,Stove-med,1.25
2299A00085,1-SD,1-AT,DHW_200_Lpd,0.924917808219178,Dryer-med,0.82,Stove-high,0.96
2299A00114,1-SD,1-AT,DHW_200_Lpd,1.13934246575342,Dryer-med,0.92,Stove-high,0.85
2299A00194,1-SD,1-AT,DHW_200_Lpd,1.15016438356164,Dryer-low,0.00,Stove-med,1.22
2299A00206,1-SD,1-AT,DHW_200_Lpd,1.16349315068493,Dryer-low,0.28,Stove-med,1.11
2401A00017,1-SD,1-AT,DHW_200_Lpd,0.947369863013699,Dryer-low,1.32,Stove-med,1.26
2401A00030,1-SD,1-AT,DHW_200_Lpd,0.921698630136986,Dryer-low,0.69,Stove-med,1.16
2401A00034,1-SD,1-AT,DHW_200_Lpd,0.811780821917808,Dryer-low,0.58,Stove-med,0.94
2401A00054,1-SD,1-AT,DHW_300_Lpd,0.97013698630137,Dryer-low,1.30,Stove-med,1.17
2401A00058,1-SD,1-AT,DHW_200_Lpd,0.840424657534247,Dryer-low,1.29,Stove-med,1.20
2401A00063,1-SD,1-AT,DHW_200_Lpd,1.11293150684932,Dryer-low,0.42,Stove-high,1.17
2401A00105,1-SD,1-AT,DHW_200_Lpd,1.01306849315069,Dryer-low,1.59,Stove-high,0.90
2402A00185,1-SD,1-AT,DHW_200_Lpd,0.851479452054794,Dryer-med,0.80,Stove-high,0.87
2402A00188,1-SD,1-AT,DHW_200_Lpd,1.06180821917808,Dryer-low,1.40,Stove-high,0.83
2402A00413,1-SD,1-AT,DHW_200_Lpd,1.09819178082192,Dryer-med,0.78,Stove-med,1.15
2402A00414,1-SD,1-AT,DHW_200_Lpd,0.989561643835616,Dryer-low,0.18,Stove-med,0.92
2402A00436,1-SD,1-AT,DHW_200_Lpd,0.856643835616438,Dryer-med,1.14,Stove-high,0.81
2402A00469,1-SD,1-AT,DHW_200_Lpd,1.17647945205479,Dryer-low,0.00,Stove-high,1.00
2402A00488,1-SD,1-AT,DHW_200_Lpd,1.19597260273973,Dryer-low,0.59,Stove-high,1.06
2402A00507,1-SD,1-AT,DHW_300_Lpd,0.898219178082192,Dryer-low,0.29,Stove-med,1.24
2402A00567,1-SD,1-AT,DHW_200_Lpd,0.964698630136986,Dryer-low,0.36,Stove-med,0.84
2402A00591,1-SD,1-AT,DHW_200_Lpd,0.966534246575342,Dryer-low,0.61,Stove-med,1.18
2402A00595,1-SD,1-AT,DHW_300_Lpd,1.0786301369863,Dryer-low,0.91,Stove-high,0.85
2402A00670,1-SD,1-AT,DHW_200_Lpd,1.24871232876712,Dryer-med,1.11,Stove-high,1.28
2402A00795,1-SD,1-AT,DHW_200_Lpd,0.884068493150685,Dryer-high,0.96,Stove-med,1.30
2402A00838,1-SD,1-AT,DHW_200_Lpd,1.02886301369863,Dryer-low,1.55,Stove-high,1.07
2402A00858,1-SD,1-AT,DHW_200_Lpd,0.979082191780822,Dryer-low,0.48,Stove-med,0.90
2402A00870,1-SD,1-AT,DHW_200_Lpd,0.896109589041096,Dryer-med,0.73,Stove-high,0.82
2402A00893,1-SD,1-AT,DHW_200_Lpd,1.20227397260274,Dryer-med,0.81,Stove-high,0.98
2402A00901,1-SD,1-AT,DHW_200_Lpd,1.21717808219178,Dryer-low,0.00,Stove-high,0.90
2402A00918,1-SD,1-AT,DHW_200_Lpd,1.19998630136986,Dryer-low,0.49,Stove-high,0.85
2402A01072,1-SD,1-AT,DHW_200_Lpd,0.967780821917808,Dryer-low,0.00,Stove-high,0.98
2402A01136,1-SD,1-AT,DHW_200_Lpd,1.11146575342466,Dryer-med,0.97,Stove-high,0.97
2402A01344,1-SD,1-AT,DHW_200_Lpd,1.0056301369863,Dryer-low,0.11,Stove-med,0.96
2402A01353,1-SD,1-AT,DHW_200_Lpd,0.760767123287671,Dryer-low,0.00,Stove-med,1.06
2405A00029,1-SD,1-AT,DHW_200_Lpd,0.986082191780822,Dryer-low,0.92,Stove-med,1.09
2407A00034,1-SD,1-AT,DHW_200_Lpd,0.86113698630137,Dryer-low,1.46,Stove-high,0.83
2408A00050,1-SD,1-AT,DHW_200_Lpd,1.03956164383562,Dryer-low,0.04,Stove-med,0.87
2408A00133,1-SD,1-AT,DHW_200_Lpd,0.928561643835616,Dryer-low,0.47,Stove-med,1.10
2408A00134,1-SD,1-AT,DHW_200_Lpd,0.914917808219178,Dryer-low,1.61,Stove-med,1.07
2409A00013,1-SD,1-AT,DHW_300_Lpd,0.991095890410959,Dryer-med,0.77,Stove-high,0.94
2409A00056,1-SD,1-AT,DHW_200_Lpd,0.904958904109589,Dryer-med,0.76,Stove-med,1.18
2410A00002,1-SD,1-AT,DHW_200_Lpd,1.14613698630137,Dryer-low,1.31,Stove-med,1.28
2410A00030,1-SD,1-AT,DHW_200_Lpd,0.835342465753425,Dryer-low,0.70,Stove-med,0.86
2411A00015,1-SD,1-AT,DHW_200_Lpd,1.22864383561644,Dryer-low,1.26,Stove-high,1.02
2411A00060,1-SD,1-AT,DHW_200_Lpd,0.853698630136986,Dryer-low,0.84,Stove-med,0.94
2411A00085,1-SD,1-AT,DHW_200_Lpd,0.885041095890411,Dryer-med,0.97,Stove-high,0.85
2411A00091,1-SD,1-AT,DHW_200_Lpd,0.973506849315068,Dryer-med,1.02,Stove-high,0.88
2411A00133,1-SD,1-AT,DHW_300_Lpd,0.898602739726027,Dryer-low,0.59,Stove-high,0.85
2411A00231,1-SD,1-AT,DHW_200_Lpd,1.036,Dryer-low,0.65,Stove-high,1.18
2411A00260,1-SD,1-AT,DHW_200_Lpd,0.890205479452055,Dryer-low,0.35,Stove-med,1.11
2411A00266,1-SD,1-AT,DHW_300_Lpd,0.949433789954338,Dryer-med,0.75,Stove-high,0.86
2411A00310,1-SD,1-AT,DHW_300_Lpd,0.904328767123288,Dryer-low,0.53,Stove-high,0.95
2411A00335,1-SD,1-AT,DHW_200_Lpd,1.13576712328767,Dryer-low,1.07,Stove-high,0.87
2411A00374,1-SD,1-AT,DHW_200_Lpd,1.08602739726027,Dryer-low,0.10,Stove-med,1.06
2411A00413,1-SD,1-AT,DHW_300_Lpd,0.924977168949772,Dryer-low,0.00,Stove-high,0.84
2412A00105,1-SD,1-AT,DHW_200_Lpd,1.19424657534247,Dryer-low,1.53,Stove-med,1.23
2412A00136,1-SD,1-AT,DHW_200_Lpd,1.1277397260274,Dryer-low,0.21,Stove-med,0.97
2412A00168,1-SD,1-AT,DHW_200_Lpd,0.963767123287671,Dryer-low,0.74,Stove-med,0.87
2414A00020,1-SD,1-AT,DHW_200_Lpd,0.869917808219178,Dryer-low,0.46,Stove-med,1.03
2414A00029,1-SD,1-AT,DHW_200_Lpd,1.13506849315068,Dryer-low,0.61,Stove-high,1.16
2414A00037,1-SD,1-AT,DHW_100_Lpd,1.37991780821918,Dryer-low,0.24,Stove-med,0.88
2415A00003,1-SD,1-AT,DHW_300_Lpd,0.891716894977169,Dryer-low,0.84,Stove-med,1.20
2415A00018,1-SD,1-AT,DHW_200_Lpd,0.896835616438356,Dryer-low,1.20,Stove-med,1.20
2415A00081,1-SD,1-AT,DHW_300_Lpd,0.896310502283105,Dryer-low,0.53,Stove-med,1.05
2415A00113,1-SD,1-AT,DHW_200_Lpd,0.975027397260274,Dryer-low,0.00,Stove-med,1.24
2415A00167,1-SD,1-AT,DHW_200_Lpd,1.15927397260274,Dryer-low,1.07,Stove-med,1.24
2415A00205,1-SD,1-AT,DHW_300_Lpd,0.886748858447489,Dryer-med,0.75,Stove-high,0.90
2415A00243,1-SD,1-AT,DHW_200_Lpd,0.864397260273973,Dryer-low,1.10,Stove-med,1.05
2415A00288,1-SD,1-AT,DHW_300_Lpd,1.03543378995434,Dryer-low,0.83,Stove-high,1.08
2416A00007,1-SD,1-AT,DHW_300_Lpd,0.98689497716895,Dryer-low,1.01,Stove-med,1.00
2416A00032,1-SD,1-AT,DHW_200_Lpd,1.1718904109589,Dryer-low,0.00,Stove-high,0.97
2416A00122,1-SD,1-AT,DHW_200_Lpd,0.775150684931507,Dryer-low,0.40,Stove-med,0.86
2416A00182,1-SD,1-AT,DHW_200_Lpd,0.822356164383562,Dryer-low,0.34,Stove-med,1.15
2418A00059,1-SD,1-AT,DHW_200_Lpd,1.15353424657534,Dryer-low,0.00,Stove-high,1.09
2418A00064,1-SD,1-AT,DHW_200_Lpd,0.938150684931507,Dryer-low,0.50,Stove-med,1.23
2418A00157,1-SD,1-AT,DHW_200_Lpd,0.826041095890411,Dryer-low,0.00,Stove-med,0.90
2418A00175,1-SD,1-AT,DHW_200_Lpd,0.89241095890411,Dryer-low,0.98,Stove-med,1.16
2418A00180,1-SD,1-AT,DHW_200_Lpd,1.0572602739726,Dryer-low,0.15,Stove-med,0.93
2419A00001,1-SD,1-AT,DHW_200_Lpd,0.843739726027397,Dryer-low,0.17,Stove-med,0.87
2419A00025,1-SD,1-AT,DHW_200_Lpd,0.761506849315069,Dryer-low,0.00,Stove-med,0.92
2419A00030,1-SD,1-AT,DHW_200_Lpd,0.845945205479452,Dryer-low,0.53,Stove-med,0.87
2419A00070,1-SD,1-AT,DHW_200_Lpd,0.916383561643836,Dryer-med,0.77,Stove-high,0.82
2419A00155,1-SD,1-AT,DHW_200_Lpd,0.925972602739726,Dryer-low,0.23,Stove-med,1.03
2419A00196,1-SD,1-AT,DHW_200_Lpd,1.17246575342466,Dryer-low,0.83,Stove-med,1.02
2420A00049,1-SD,1-AT,DHW_200_Lpd,0.910123287671233,Dryer-low,0.13,Stove-med,0.85
2420A00057,1-SD,1-AT,DHW_300_Lpd,0.922301369863014,Dryer-med,0.90,Stove-high,0.92
2420A00083,1-SD,1-AT,DHW_200_Lpd,0.761506849315069,Dryer-low,0.12,Stove-med,0.84
2420A00094,1-SD,1-AT,DHW_300_Lpd,0.862292237442922,Dryer-low,0.39,Stove-high,0.88
2420A00103,1-SD,1-AT,DHW_200_Lpd,0.786575342465753,Dryer-low,0.66,Stove-low,1.30
2420A00131,1-SD,1-AT,DHW_200_Lpd,0.819027397260274,Dryer-low,0.40,Stove-med,1.14
2420A00157,1-SD,1-AT,DHW_300_Lpd,0.838593607305936,Dryer-low,0.47,Stove-high,0.83
2420A00180,1-SD,1-AT,DHW_200_Lpd,1.13580821917808,Dryer-low,0.33,Stove-med,1.12
2422A00010,1-SD,1-AT,DHW_200_Lpd,0.903849315068493,Dryer-low,0.00,Stove-high,1.03
2422A00020,1-SD,1-AT,DHW_200_Lpd,1.03402739726027,Dryer-high,1.07,Stove-high,0.95
2423A00016,1-SD,1-AT,DHW_200_Lpd,0.966054794520548,Dryer-med,0.92,Stove-med,1.05
2424A00004,1-SD,1-AT,DHW_100_Lpd,1.49350684931507,Dryer-low,0.22,Stove-med,0.94
2424A00076,1-SD,1-AT,DHW_200_Lpd,0.815712328767123,Dryer-low,1.26,Stove-med,1.12
2426A00005,1-SD,1-AT,DHW_100_Lpd,1.3533698630137,Dryer-low,0.00,Stove-med,0.97
2426A00021,1-SD,1-AT,DHW_200_Lpd,0.806123287671233,Dryer-low,0.40,Stove-med,0.88
2426A00031,1-SD,1-AT,DHW_200_Lpd,1.05172602739726,Dryer-low,0.56,Stove-high,1.33
2426A00131,1-SD,1-AT,DHW_200_Lpd,0.996780821917808,Dryer-med,0.92,Stove-med,1.10
2426A00217,1-SD,1-AT,DHW_200_Lpd,0.858493150684931,Dryer-med,0.85,Stove-med,1.10
2426A00220,1-SD,1-AT,DHW_200_Lpd,0.909301369863014,Dryer-low,0.78,Stove-med,0.99
2426A00275,1-SD,1-AT,DHW_200_Lpd,1.08245205479452,Dryer-med,0.86,Stove-high,0.96
2426A00314,1-SD,1-AT,DHW_200_Lpd,1.11283561643836,Dryer-low,0.41,Stove-med,1.11
2426A00328,1-SD,1-AT,DHW_300_Lpd,1.04078538812785,Dryer-med,0.85,Stove-high,1.44
2426A00401,1-SD,1-AT,DHW_200_Lpd,0.948095890410959,Dryer-med,0.73,Stove-high,0.96
2426A00403,1-SD,1-AT,DHW_200_Lpd,0.913068493150685,Dryer-low,1.12,Stove-high,0.94
2426A00435,1-SD,1-AT,DHW_200_Lpd,1.10079452054795,Dryer-low,1.08,Stove-med,0.93
2426A00553,1-SD,1-AT,DHW_200_Lpd,0.814972602739726,Dryer-low,0.89,Stove-med,1.00
2426A00567,1-SD,1-AT,DHW_200_Lpd,0.799493150684932,Dryer-low,0.15,Stove-low,0.93
2426A00724,1-SD,1-AT,DHW_200_Lpd,1.11684931506849,Dryer-med,0.77,Stove-high,1.28
2426A00732,1-SD,1-AT,DHW_200_Lpd,0.962616438356164,Dryer-low,0.82,Stove-high,0.96
2426A00758,1-SD,1-AT,DHW_200_Lpd,0.951424657534247,Dryer-low,0.82,Stove-med,0.88
2428A00013,1-SD,1-AT,DHW_200_Lpd,1.16958904109589,Dryer-med,0.88,Stove-high,0.88
2428A00064,1-SD,1-AT,DHW_200_Lpd,1.22749315068493,Dryer-low,0.62,Stove-high,1.54
2428A00152,1-SD,1-AT,DHW_200_Lpd,1.10021917808219,Dryer-low,0.28,Stove-med,1.14
2428A00208,1-SD,1-AT,DHW_200_Lpd,1.04001369863014,Dryer-low,0.27,Stove-med,0.86
2428A00252,1-SD,1-AT,DHW_300_Lpd,0.843178082191781,Dryer-med,0.79,Stove-med,1.24
2429A00050,1-SD,1-AT,DHW_200_Lpd,1.15498630136986,Dryer-med,0.97,Stove-high,1.11
2429A00053,1-SD,1-AT,DHW_300_Lpd,0.903954337899543,Dryer-low,0.00,Stove-med,1.05
2429A00058,1-SD,1-AT,DHW_200_Lpd,1.02480821917808,Dryer-low,1.54,Stove-high,0.93
2429A00108,1-SD,1-AT,DHW_300_Lpd,0.836301369863014,Dryer-high,0.85,Stove-high,1.00
2432A00080,1-SD,1-AT,DHW_200_Lpd,1.23295890410959,Dryer-low,1.46,Stove-med,1.20
2432A00089,1-SD,1-AT,DHW_200_Lpd,1.0073698630137,Dryer-low,0.34,Stove-med,1.07
2432A00131,1-SD,1-AT,DHW_200_Lpd,0.981739726027397,Dryer-low,1.28,Stove-high,0.82
2432A00155,1-SD,1-AT,DHW_100_Lpd,1.48172602739726,Dryer-low,1.02,Stove-med,1.00
2432A00217,1-SD,1-AT,DHW_200_Lpd,0.957438356164384,Dryer-low,1.16,Stove-med,1.09
2432A00219,1-SD,1-AT,DHW_300_Lpd,0.901607305936073,Dryer-low,0.57,Stove-high,1.06
2432A00257,1-SD,1-AT,DHW_200_Lpd,1.09682191780822,Dryer-low,0.88,Stove-med,1.18
2432A00289,1-SD,1-AT,DHW_200_Lpd,1.07680821917808,Dryer-low,0.54,Stove-high,0.87
2432A00312,1-SD,1-AT,DHW_200_Lpd,0.895246575342466,Dryer-low,1.47,Stove-med,1.16
2432A00318,1-SD,1-AT,DHW_300_Lpd,0.844191780821918,Dryer-low,0.95,Stove-high,0.82
2432A00364,1-SD,1-AT,DHW_200_Lpd,0.963506849315068,Dryer-low,0.00,Stove-med,1.23
2432A00372,1-SD,1-AT,DHW_200_Lpd,1.0807397260274,Dryer-low,0.46,Stove-med,1.13
2432A00385,1-SD,1-AT,DHW_200_Lpd,1.12627397260274,Dryer-med,0.92,Stove-high,1.07
2432A00426,1-SD,1-AT,DHW_300_Lpd,0.895132420091324,Dryer-med,1.18,Stove-high,1.33
2433A00048,1-SD,1-AT,DHW_300_Lpd,0.897168949771689,Dryer-low,1.35,Stove-high,1.13
2433A00056,1-SD,1-AT,DHW_300_Lpd,0.873461187214612,Dryer-med,1.05,Stove-high,1.04
2433A00060,1-SD,1-AT,DHW_300_Lpd,0.90124200913242,Dryer-low,0.00,Stove-high,0.95
2433A00099,1-SD,1-AT,DHW_200_Lpd,1.19628767123288,Dryer-low,0.51,Stove-high,0.92
2433A00146,1-SD,1-AT,DHW_300_Lpd,0.987917808219178,Dryer-low,0.32,Stove-med,1.02
2433A00147,1-SD,1-AT,DHW_300_Lpd,0.945324200913242,Dryer-low,1.31,Stove-high,1.15
2433A00158,1-SD,1-AT,DHW_200_Lpd,0.968520547945205,Dryer-low,1.02,Stove-high,0.82
2435A00104,1-SD,1-AT,DHW_200_Lpd,1.23897260273973,Dryer-low,0.35,Stove-high,0.83
2435A00142,1-SD,1-AT,DHW_200_Lpd,0.900164383561644,Dryer-low,0.26,Stove-med,1.08
2435A00218,1-SD,1-AT,DHW_200_Lpd,0.886520547945206,Dryer-low,0.00,Stove-med,1.00
2435A00241,1-SD,1-AT,DHW_200_Lpd,0.772191780821918,Dryer-low,0.62,Stove-med,0.91
2435A00264,1-SD,1-AT,DHW_200_Lpd,0.784,Dryer-low,0.57,Stove-med,0.97
2435A00272,1-SD,1-AT,DHW_200_Lpd,0.944780821917808,Dryer-low,0.40,Stove-high,1.18
2435A00291,1-SD,1-AT,DHW_200_Lpd,0.925232876712329,Dryer-low,0.00,Stove-med,1.16
2435A00314,1-SD,1-AT,DHW_200_Lpd,1.1013698630137,Dryer-low,0.00,Stove-med,1.21
2435A00335,1-SD,1-AT,DHW_200_Lpd,0.764821917808219,Dryer-low,0.82,Stove-med,0.97
2435A00412,1-SD,1-AT,DHW_200_Lpd,0.928561643835616,Dryer-low,1.46,Stove-med,1.22
2435A00437,1-SD,1-AT,DHW_200_Lpd,1.21201369863014,Dryer-low,0.21,Stove-med,1.16
2435A00439,1-SD,1-AT,DHW_300_Lpd,0.839735159817352,Dryer-med,0.86,Stove-med,1.13
2435A00445,1-SD,1-AT,DHW_100_Lpd,1.42712328767123,Dryer-low,0.94,Stove-med,1.01
2435A00522,1-SD,1-AT,DHW_100_Lpd,1.31060273972603,Dryer-low,0.00,Stove-med,0.92
2435A00617,1-SD,1-AT,DHW_200_Lpd,1.07975342465753,Dryer-low,0.44,Stove-med,1.28
2436A00032,1-SD,1-AT,DHW_300_Lpd,0.840493150684931,Dryer-med,0.99,Stove-high,0.85
2436A00035,1-SD,1-AT,DHW_200_Lpd,1.12016438356164,Dryer-low,1.32,Stove-med,1.20
2440A00028,1-SD,1-AT,DHW_200_Lpd,0.82886301369863,Dryer-low,0.45,Stove-med,1.08
2440A00084,1-SD,1-AT,DHW_200_Lpd,1.2303698630137,Dryer-low,0.90,Stove-low,1.10
2440A00096,1-SD,1-AT,DHW_200_Lpd,1.23150684931507,Dryer-low,0.00,Stove-med,1.17
2440A00154,1-SD,1-AT,DHW_300_Lpd,0.87710502283105,Dryer-low,0.00,Stove-high,0.86
2440A00223,1-SD,1-AT,DHW_300_Lpd,0.878337899543379,Dryer-low,1.06,Stove-low,1.12
2440A00261,1-SD,1-AT,DHW_300_Lpd,0.929178082191781,Dryer-low,1.49,Stove-high,1.04
2440A00274,1-SD,1-AT,DHW_200_Lpd,1.22749315068493,Dryer-low,0.88,Stove-high,1.09
2440A00284,1-SD,1-AT,DHW_200_Lpd,1.22405479452055,Dryer-low,1.44,Stove-med,1.30
2440A00335,1-SD,1-AT,DHW_200_Lpd,0.915712328767123,Dryer-low,0.43,Stove-med,1.10
2440A00338,1-SD,1-AT,DHW_300_Lpd,0.8382100456621,Dryer-med,0.87,Stove-high,0.82
2440A00358,1-SD,1-AT,DHW_300_Lpd,0.882164383561644,Dryer-low,0.13,Stove-med,0.91
2440A00361,1-SD,1-AT,DHW_200_Lpd,0.927821917808219,Dryer-low,0.05,Stove-low,1.02
2450A00003,1-SD,1-AT,DHW_200_Lpd,0.90872602739726,Dryer-low,0.28,Stove-med,1.13
2450A00011,1-SD,1-AT,DHW_200_Lpd,1.15812328767123,Dryer-med,0.84,Stove-high,0.97
2450A00059,1-SD,1-AT,DHW_200_Lpd,0.833041095890411,Dryer-low,1.27,Stove-med,1.19
2451A00021,1-SD,1-AT,DHW_200_Lpd,1.0731095890411,Dryer-low,1.21,Stove-high,0.84
2451A00040,1-SD,1-AT,DHW_200_Lpd,0.810178082191781,Dryer-low,1.21,Stove-med,0.94
2451A00073,1-SD,1-AT,DHW_200_Lpd,0.782890410958904,Dryer-low,1.27,Stove-high,1.02
2451A00078,1-SD,1-AT,DHW_200_Lpd,0.930027397260274,Dryer-low,0.83,Stove-high,0.93
2452A00029,1-SD,1-AT,DHW_200_Lpd,1.18484931506849,Dryer-low,1.58,Stove-high,1.16
2452A00048,1-SD,1-AT,DHW_200_Lpd,0.963958904109589,Dryer-low,0.42,Stove-high,1.06
2452A00062,1-SD,1-AT,DHW_200_Lpd,0.802438356164384,Dryer-low,1.19,Stove-med,1.26
2452A00105,1-SD,1-AT,DHW_200_Lpd,1.006,Dryer-low,0.83,Stove-med,1.25
2452A00126,1-SD,1-AT,DHW_300_Lpd,0.867643835616438,Dryer-low,0.00,Stove-high,0.98
2452A00139,1-SD,1-AT,DHW_200_Lpd,1.12179452054795,Dryer-low,1.33,Stove-high,1.19
2452A00170,1-SD,1-AT,DHW_200_Lpd,0.990506849315068,Dryer-low,0.16,Stove-med,1.14
2452A00191,1-SD,1-AT,DHW_200_Lpd,0.91527397260274,Dryer-low,0.51,Stove-high,0.86
2453A00014,1-SD,1-AT,DHW_200_Lpd,1.17379452054795,Dryer-med,1.21,Stove-high,0.97
2453A00022,1-SD,1-AT,DHW_200_Lpd,1.15941095890411,Dryer-low,0.51,Stove-high,0.83
2453A00050,1-SD,1-AT,DHW_200_Lpd,1.08232876712329,Dryer-low,0.00,Stove-med,1.01
2453A00066,1-SD,1-AT,DHW_200_Lpd,1.12257534246575,Dryer-low,0.94,Stove-high,1.22
2455A00001,1-SD,1-AT,DHW_200_Lpd,0.921547945205479,Dryer-low,1.24,Stove-med,1.25
2506A00042,1-SD,1-AT,DHW_200_Lpd,1.13228767123288,Dryer-low,0.52,Stove-high,0.84
2507A00001,1-SD,1-AT,DHW_200_Lpd,1.0423698630137,Dryer-low,0.42,Stove-high,0.94
2507A00006,1-SD,1-AT,DHW_200_Lpd,0.865232876712329,Dryer-low,1.25,Stove-med,1.16
2507A00115,1-SD,1-AT,DHW_200_Lpd,0.98513698630137,Dryer-med,1.22,Stove-high,0.96
2507A00139,1-SD,1-AT,DHW_300_Lpd,0.844191780821918,Dryer-low,0.00,Stove-high,1.08
2508A00009,1-SD,1-AT,DHW_200_Lpd,1.21376712328767,Dryer-low,0.77,Stove-high,1.15
2508A00072,1-SD,1-AT,DHW_300_Lpd,0.859917808219178,Dryer-low,0.00,Stove-high,1.21
2508A00106,1-SD,1-AT,DHW_200_Lpd,1.02828767123288,Dryer-low,0.15,Stove-med,1.08
2508A00107,1-SD,1-AT,DHW_200_Lpd,1.09480821917808,Dryer-low,1.35,Stove-high,0.99
2508A00132,1-SD,1-AT,DHW_200_Lpd,1.05647945205479,Dryer-low,0.30,Stove-med,0.93
2508A00198,1-SD,1-AT,DHW_300_Lpd,0.950118721461187,Dryer-low,0.32,Stove-high,1.23
2508A00215,1-SD,1-AT,DHW_300_Lpd,0.953497716894977,Dryer-low,0.44,Stove-med,1.05
2508A00243,1-SD,1-AT,DHW_200_Lpd,1.08523287671233,Dryer-low,1.56,Stove-low,1.19
2508A00366,1-SD,1-AT,DHW_200_Lpd,1.08523287671233,Dryer-low,0.49,Stove-med,1.16
2509A00031,1-SD,1-AT,DHW_300_Lpd,0.844767123287671,Dryer-low,0.81,Stove-med,1.12
2509A00047,1-SD,1-AT,DHW_200_Lpd,1.00841095890411,Dryer-low,0.60,Stove-med,0.99
2509A00051,1-SD,1-AT,DHW_200_Lpd,1.06316438356164,Dryer-low,1.39,Stove-med,1.09
2509A00064,1-SD,1-AT,DHW_200_Lpd,1.23664383561644,Dryer-low,0.18,Stove-med,0.85
2509A00078,1-SD,1-AT,DHW_300_Lpd,0.961141552511416,Dryer-low,0.20,Stove-med,1.06
2509A00104,1-SD,1-AT,DHW_300_Lpd,0.848529680365297,Dryer-low,0.00,Stove-high,0.94
2509A00230,1-SD,1-AT,DHW_200_Lpd,1.12591780821918,Dryer-med,0.93,Stove-med,1.19
2509A00285,1-SD,1-AT,DHW_300_Lpd,0.900127853881279,Dryer-low,0.34,Stove-med,1.09
2510A00015,1-SD,1-AT,DHW_300_Lpd,1.01806392694064,Dryer-low,1.37,Stove-high,1.11
2510A00045,1-SD,1-AT,DHW_200_Lpd,0.96358904109589,Dryer-low,0.00,Stove-med,1.14
2510A00093,1-SD,1-AT,DHW_200_Lpd,1.00517808219178,Dryer-med,0.86,Stove-med,1.18
2510A00145,1-SD,1-AT,DHW_200_Lpd,1.22015068493151,Dryer-low,1.50,Stove-high,1.02
2511A00028,1-SD,1-AT,DHW_200_Lpd,0.987602739726027,Dryer-low,0.41,Stove-med,0.90
2511A00090,1-SD,1-AT,DHW_200_Lpd,0.939657534246575,Dryer-low,0.24,Stove-med,1.02
2511A00095,1-SD,1-AT,DHW_200_Lpd,0.908383561643836,Dryer-low,0.22,Stove-med,0.97
2511A00143,1-SD,1-AT,DHW_300_Lpd,0.84896803652968,Dryer-low,1.38,Stove-med,1.29
2511A00184,1-SD,1-AT,DHW_300_Lpd,0.929022831050228,Dryer-low,0.71,Stove-med,1.02
2511A00200,1-SD,1-AT,DHW_200_Lpd,1.03875342465753,Dryer-low,1.05,Stove-med,1.18
2511A00507,1-SD,1-AT,DHW_200_Lpd,1.16098630136986,Dryer-low,0.53,Stove-med,0.82
2511A00534,1-SD,1-AT,DHW_200_Lpd,1.14693150684932,Dryer-low,0.39,Stove-med,0.98
2511A00596,1-SD,1-AT,DHW_200_Lpd,1.01102739726027,Dryer-low,0.19,Stove-med,1.11
2511A00616,1-SD,1-AT,DHW_200_Lpd,0.77027397260274,Dryer-low,0.05,Stove-low,1.29
2512A00015,1-SD,1-AT,DHW_200_Lpd,1.13182191780822,Dryer-low,0.26,Stove-med,1.08
2512A00042,1-SD,1-AT,DHW_200_Lpd,1.18090410958904,Dryer-low,1.49,Stove-med,1.05
2513A00016,1-SD,1-AT,DHW_200_Lpd,0.95772602739726,Dryer-low,0.98,Stove-low,1.23
2513A00121,1-SD,1-AT,DHW_200_Lpd,1.07546575342466,Dryer-med,0.82,Stove-high,0.99
2513A00153,1-SD,1-AT,DHW_300_Lpd,0.852876712328767,Dryer-low,0.95,Stove-med,0.95
2513A00171,1-SD,1-AT,DHW_300_Lpd,0.857561643835616,Dryer-low,0.00,Stove-high,1.15
2513A00201,1-SD,1-AT,DHW_300_Lpd,0.91965296803653,Dryer-med,1.21,Stove-high,0.86
2513A00217,1-SD,1-AT,DHW_300_Lpd,0.939762557077626,Dryer-med,0.96,Stove-high,1.03
2514A00153,1-SD,1-AT,DHW_300_Lpd,0.850036529680365,Dryer-low,0.00,Stove-high,0.83
2515A00012,1-SD,1-AT,DHW_200_Lpd,0.811287671232877,Dryer-low,0.96,Stove-high,0.91
2801A00046,1-SD,1-AT,DHW_200_Lpd,0.966602739726027,Dryer-low,0.46,Stove-high,1.59
2801A00083,1-SD,1-AT,DHW_200_Lpd,1.04860273972603,Dryer-low,0.86,Stove-high,1.30
2801A00095,1-SD,1-AT,DHW_200_Lpd,0.884205479452055,Dryer-low,0.71,Stove-med,1.02
2801A00096,1-SD,1-AT,DHW_200_Lpd,1.00538356164384,Dryer-low,0.12,Stove-med,0.87
2801A00105,1-SD,1-AT,DHW_200_Lpd,1.16367123287671,Dryer-low,0.49,Stove-med,1.27
2802A00020,1-SD,1-AT,DHW_200_Lpd,0.868849315068493,Dryer-low,0.00,Stove-low,1.29
2802A00021,1-SD,1-AT,DHW_200_Lpd,0.777561643835616,Dryer-low,0.06,Stove-med,1.03
2802A00032,1-SD,1-AT,DHW_200_Lpd,1.22647945205479,Dryer-med,0.80,Stove-med,1.24
2802A00048,1-SD,1-AT,DHW_100_Lpd,1.43315068493151,Dryer-low,0.00,Stove-med,0.84
2802A00068,1-SD,1-AT,DHW_200_Lpd,0.807054794520548,Dryer-low,1.11,Stove-med,1.23
2802A00085,1-SD,1-AT,DHW_200_Lpd,0.848246575342466,Dryer-low,0.65,Stove-high,0.90
2802A00156,1-SD,1-AT,DHW_200_Lpd,0.858342465753425,Dryer-low,0.16,Stove-low,1.20
2802A00184,1-SD,1-AT,DHW_300_Lpd,0.917716894977169,Dryer-low,0.54,Stove-high,1.28
2802A00187,1-SD,1-AT,DHW_200_Lpd,0.880164383561644,Dryer-high,1.18,Stove-high,0.97
2802A00206,1-SD,1-AT,DHW_200_Lpd,1.15806849315068,Dryer-low,0.77,Stove-high,0.92
2802A00240,1-SD,1-AT,DHW_200_Lpd,1.04335616438356,Dryer-low,0.82,Stove-high,0.89
2803A00025,1-SD,1-AT,DHW_200_Lpd,0.922575342465753,Dryer-low,0.73,Stove-med,0.96
2803A00039,1-SD,1-AT,DHW_100_Lpd,1.4501095890411,Dryer-low,0.19,Stove-med,0.82
2804A00014,1-SD,1-AT,DHW_300_Lpd,0.867050228310502,Dryer-low,0.23,Stove-high,0.90
2901A00127,1-SD,1-AT,DHW_200_Lpd,0.844205479452055,Dryer-low,0.00,Stove-med,0.82
2901A00170,1-SD,1-AT,DHW_300_Lpd,0.91848401826484,Dryer-low,1.04,Stove-med,1.01
2901A00185,1-SD,1-AT,DHW_300_Lpd,0.939963470319635,Dryer-low,0.39,Stove-med,1.07
2901A00186,1-SD,1-AT,DHW_300_Lpd,0.854045662100457,Dryer-low,0.49,Stove-high,0.87
2901A00278,1-SD,1-AT,DHW_300_Lpd,0.971205479452055,Dryer-low,0.65,Stove-med,1.02
2901A00284,1-SD,1-AT,DHW_200_Lpd,1.22478082191781,Dryer-low,1.17,Stove-med,0.91
2901A00449,1-SD,1-AT,DHW_200_Lpd,1.14341095890411,Dryer-low,0.36,Stove-med,0.87
2901A00490,1-SD,1-AT,DHW_200_Lpd,1.13228767123288,Dryer-low,0.20,Stove-med,1.05
2901A00529,1-SD,1-AT,DHW_300_Lpd,1.04444748858447,Dryer-med,0.84,Stove-high,0.96
2901A00544,1-SD,1-AT,DHW_200_Lpd,1.20491780821918,Dryer-low,0.03,Stove-med,0.96
2901A00564,1-SD,1-AT,DHW_200_Lpd,1.04265753424658,Dryer-med,0.75,Stove-med,1.04
2901A00591,1-SD,1-AT,DHW_200_Lpd,1.00752054794521,Dryer-low,0.24,Stove-med,1.06
2901A00673,1-SD,1-AT,DHW_200_Lpd,0.867698630136986,Dryer-med,0.75,Stove-med,1.16
2901A00724,1-SD,1-AT,DHW_200_Lpd,0.892561643835616,Dryer-low,0.66,Stove-med,0.94
2901A00778,1-SD,1-AT,DHW_200_Lpd,0.900506849315069,Dryer-low,0.73,Stove-med,1.00
2901A00852,1-SD,1-AT,DHW_200_Lpd,1.16157534246575,Dryer-low,0.34,Stove-med,1.08
2901A00889,1-SD,1-AT,DHW_300_Lpd,1.06219178082192,Dryer-med,0.94,Stove-high,1.16
2901A00893,1-SD,1-AT,DHW_200_Lpd,0.913794520547945,Dryer-low,0.97,Stove-low,1.28
2902A00016,1-SD,1-AT,DHW_300_Lpd,1.01454794520548,Dryer-low,0.44,Stove-high,0.95
2902A00057,1-SD,1-AT,DHW_200_Lpd,1.09890410958904,Dryer-low,0.00,Stove-med,1.20
2902A00091,1-SD,1-AT,DHW_300_Lpd,0.963388127853881,Dryer-low,0.51,Stove-high,0.94
