*header,hse_type,province,upgrade1,upgrade2,upgrade3,eligible,total
*data,2-DR,BRITISH COLUMBIA,BIPVT,0,0,46,315
*data,2-DR,BRITISH COLUMBIA,BIPVT,CVB,0,3,315
*data,2-DR,BRITISH COLUMBIA,BIPVT,FOH,0,3,315
*data,2-DR,BRITISH COLUMBIA,BIPVT,FVB,0,3,315
*data,2-DR,BRITISH COLUMBIA,BIPVT,PCM,0,41,315
*data,2-DR,BRITISH COLUMBIA,BIPVT,PV,0,46,315
*data,2-DR,BRITISH COLUMBIA,BIPVT,SDHW,0,46,315
*data,2-DR,BRITISH COLUMBIA,BIPVT,WAM,0,29,315
*data,2-DR,BRITISH COLUMBIA,BIPVT,WTM2010,0,46,315
*data,2-DR,BRITISH COLUMBIA,BIPVT,WTM2100,0,46,315
*data,2-DR,BRITISH COLUMBIA,BIPVT,WTM2110,0,46,315
*data,2-DR,BRITISH COLUMBIA,BIPVT,WTM3000,0,46,315
*data,2-DR,BRITISH COLUMBIA,BIPVT,WTM3200,0,46,315
*data,2-DR,BRITISH COLUMBIA,BIPVT,WTM3210,0,46,315
*data,2-DR,BRITISH COLUMBIA,BIPVT,WTM3310,0,46,315
*data,2-DR,BRITISH COLUMBIA,BIPVT,CVB,FOH,3,315
*data,2-DR,BRITISH COLUMBIA,BIPVT,CVB,FVB,3,315
*data,2-DR,BRITISH COLUMBIA,BIPVT,CVB,PCM,3,315
*data,2-DR,BRITISH COLUMBIA,BIPVT,CVB,PV,3,315
*data,2-DR,BRITISH COLUMBIA,BIPVT,CVB,SDHW,3,315
*data,2-DR,BRITISH COLUMBIA,BIPVT,CVB,WAM,3,315
*data,2-DR,BRITISH COLUMBIA,BIPVT,CVB,WTM2010,3,315
*data,2-DR,BRITISH COLUMBIA,BIPVT,CVB,WTM2100,3,315
*data,2-DR,BRITISH COLUMBIA,BIPVT,CVB,WTM2110,3,315
*data,2-DR,BRITISH COLUMBIA,BIPVT,CVB,WTM3000,3,315
*data,2-DR,BRITISH COLUMBIA,BIPVT,CVB,WTM3200,3,315
*data,2-DR,BRITISH COLUMBIA,BIPVT,CVB,WTM3210,3,315
*data,2-DR,BRITISH COLUMBIA,BIPVT,CVB,WTM3310,3,315
*data,2-DR,BRITISH COLUMBIA,BIPVT,FOH,FVB,3,315
*data,2-DR,BRITISH COLUMBIA,BIPVT,FOH,PCM,3,315
*data,2-DR,BRITISH COLUMBIA,BIPVT,FOH,PV,3,315
*data,2-DR,BRITISH COLUMBIA,BIPVT,FOH,SDHW,3,315
*data,2-DR,BRITISH COLUMBIA,BIPVT,FOH,WAM,3,315
*data,2-DR,BRITISH COLUMBIA,BIPVT,FOH,WTM2010,3,315
*data,2-DR,BRITISH COLUMBIA,BIPVT,FOH,WTM2100,3,315
*data,2-DR,BRITISH COLUMBIA,BIPVT,FOH,WTM2110,3,315
*data,2-DR,BRITISH COLUMBIA,BIPVT,FOH,WTM3000,3,315
*data,2-DR,BRITISH COLUMBIA,BIPVT,FOH,WTM3200,3,315
*data,2-DR,BRITISH COLUMBIA,BIPVT,FOH,WTM3210,3,315
*data,2-DR,BRITISH COLUMBIA,BIPVT,FOH,WTM3310,3,315
*data,2-DR,BRITISH COLUMBIA,BIPVT,FVB,PCM,3,315
*data,2-DR,BRITISH COLUMBIA,BIPVT,FVB,PV,3,315
*data,2-DR,BRITISH COLUMBIA,BIPVT,FVB,SDHW,3,315
*data,2-DR,BRITISH COLUMBIA,BIPVT,FVB,WAM,3,315
*data,2-DR,BRITISH COLUMBIA,BIPVT,FVB,WTM2010,3,315
*data,2-DR,BRITISH COLUMBIA,BIPVT,FVB,WTM2100,3,315
*data,2-DR,BRITISH COLUMBIA,BIPVT,FVB,WTM2110,3,315
*data,2-DR,BRITISH COLUMBIA,BIPVT,FVB,WTM3000,3,315
*data,2-DR,BRITISH COLUMBIA,BIPVT,FVB,WTM3200,3,315
*data,2-DR,BRITISH COLUMBIA,BIPVT,FVB,WTM3210,3,315
*data,2-DR,BRITISH COLUMBIA,BIPVT,FVB,WTM3310,3,315
*data,2-DR,BRITISH COLUMBIA,BIPVT,PCM,PV,41,315
*data,2-DR,BRITISH COLUMBIA,BIPVT,PCM,SDHW,41,315
*data,2-DR,BRITISH COLUMBIA,BIPVT,PCM,WAM,28,315
*data,2-DR,BRITISH COLUMBIA,BIPVT,PCM,WTM2010,41,315
*data,2-DR,BRITISH COLUMBIA,BIPVT,PCM,WTM2100,41,315
*data,2-DR,BRITISH COLUMBIA,BIPVT,PCM,WTM2110,41,315
*data,2-DR,BRITISH COLUMBIA,BIPVT,PCM,WTM3000,41,315
*data,2-DR,BRITISH COLUMBIA,BIPVT,PCM,WTM3200,41,315
*data,2-DR,BRITISH COLUMBIA,BIPVT,PCM,WTM3210,41,315
*data,2-DR,BRITISH COLUMBIA,BIPVT,PCM,WTM3310,41,315
*data,2-DR,BRITISH COLUMBIA,BIPVT,PV,SDHW,46,315
*data,2-DR,BRITISH COLUMBIA,BIPVT,PV,WAM,29,315
*data,2-DR,BRITISH COLUMBIA,BIPVT,PV,WTM2010,46,315
*data,2-DR,BRITISH COLUMBIA,BIPVT,PV,WTM2100,46,315
*data,2-DR,BRITISH COLUMBIA,BIPVT,PV,WTM2110,46,315
*data,2-DR,BRITISH COLUMBIA,BIPVT,PV,WTM3000,46,315
*data,2-DR,BRITISH COLUMBIA,BIPVT,PV,WTM3200,46,315
*data,2-DR,BRITISH COLUMBIA,BIPVT,PV,WTM3210,46,315
*data,2-DR,BRITISH COLUMBIA,BIPVT,PV,WTM3310,46,315
*data,2-DR,BRITISH COLUMBIA,BIPVT,SDHW,WAM,29,315
*data,2-DR,BRITISH COLUMBIA,BIPVT,SDHW,WTM2010,46,315
*data,2-DR,BRITISH COLUMBIA,BIPVT,SDHW,WTM2100,46,315
*data,2-DR,BRITISH COLUMBIA,BIPVT,SDHW,WTM2110,46,315
*data,2-DR,BRITISH COLUMBIA,BIPVT,SDHW,WTM3000,46,315
*data,2-DR,BRITISH COLUMBIA,BIPVT,SDHW,WTM3200,46,315
*data,2-DR,BRITISH COLUMBIA,BIPVT,SDHW,WTM3210,46,315
*data,2-DR,BRITISH COLUMBIA,BIPVT,SDHW,WTM3310,46,315
*data,2-DR,BRITISH COLUMBIA,BIPVT,WAM,WTM2010,29,315
*data,2-DR,BRITISH COLUMBIA,BIPVT,WAM,WTM2100,29,315
*data,2-DR,BRITISH COLUMBIA,BIPVT,WAM,WTM2110,29,315
*data,2-DR,BRITISH COLUMBIA,BIPVT,WAM,WTM3000,29,315
*data,2-DR,BRITISH COLUMBIA,BIPVT,WAM,WTM3200,29,315
*data,2-DR,BRITISH COLUMBIA,BIPVT,WAM,WTM3210,29,315
*data,2-DR,BRITISH COLUMBIA,BIPVT,WAM,WTM3310,29,315
*data,2-DR,BRITISH COLUMBIA,BIPVT,WTM2010,WTM2100,46,315
*data,2-DR,BRITISH COLUMBIA,BIPVT,WTM2010,WTM2110,46,315
*data,2-DR,BRITISH COLUMBIA,BIPVT,WTM2010,WTM3000,46,315
*data,2-DR,BRITISH COLUMBIA,BIPVT,WTM2010,WTM3200,46,315
*data,2-DR,BRITISH COLUMBIA,BIPVT,WTM2010,WTM3210,46,315
*data,2-DR,BRITISH COLUMBIA,BIPVT,WTM2010,WTM3310,46,315
*data,2-DR,BRITISH COLUMBIA,BIPVT,WTM2100,WTM2110,46,315
*data,2-DR,BRITISH COLUMBIA,BIPVT,WTM2100,WTM3000,46,315
*data,2-DR,BRITISH COLUMBIA,BIPVT,WTM2100,WTM3200,46,315
*data,2-DR,BRITISH COLUMBIA,BIPVT,WTM2100,WTM3210,46,315
*data,2-DR,BRITISH COLUMBIA,BIPVT,WTM2100,WTM3310,46,315
*data,2-DR,BRITISH COLUMBIA,BIPVT,WTM2110,WTM3000,46,315
*data,2-DR,BRITISH COLUMBIA,BIPVT,WTM2110,WTM3200,46,315
*data,2-DR,BRITISH COLUMBIA,BIPVT,WTM2110,WTM3210,46,315
*data,2-DR,BRITISH COLUMBIA,BIPVT,WTM2110,WTM3310,46,315
*data,2-DR,BRITISH COLUMBIA,BIPVT,WTM3000,WTM3200,46,315
*data,2-DR,BRITISH COLUMBIA,BIPVT,WTM3000,WTM3210,46,315
*data,2-DR,BRITISH COLUMBIA,BIPVT,WTM3000,WTM3310,46,315
*data,2-DR,BRITISH COLUMBIA,BIPVT,WTM3200,WTM3210,46,315
*data,2-DR,BRITISH COLUMBIA,BIPVT,WTM3200,WTM3310,46,315
*data,2-DR,BRITISH COLUMBIA,BIPVT,WTM3210,WTM3310,46,315
*data,2-DR,BRITISH COLUMBIA,CVB,0,0,30,315
*data,2-DR,BRITISH COLUMBIA,CVB,FOH,0,26,315
*data,2-DR,BRITISH COLUMBIA,CVB,FVB,0,29,315
*data,2-DR,BRITISH COLUMBIA,CVB,PCM,0,26,315
*data,2-DR,BRITISH COLUMBIA,CVB,PV,0,7,315
*data,2-DR,BRITISH COLUMBIA,CVB,SDHW,0,3,315
*data,2-DR,BRITISH COLUMBIA,CVB,WAM,0,24,315
*data,2-DR,BRITISH COLUMBIA,CVB,WTM2010,0,29,315
*data,2-DR,BRITISH COLUMBIA,CVB,WTM2100,0,29,315
*data,2-DR,BRITISH COLUMBIA,CVB,WTM2110,0,29,315
*data,2-DR,BRITISH COLUMBIA,CVB,WTM3000,0,30,315
*data,2-DR,BRITISH COLUMBIA,CVB,WTM3200,0,30,315
*data,2-DR,BRITISH COLUMBIA,CVB,WTM3210,0,30,315
*data,2-DR,BRITISH COLUMBIA,CVB,WTM3310,0,30,315
*data,2-DR,BRITISH COLUMBIA,CVB,FOH,FVB,25,315
*data,2-DR,BRITISH COLUMBIA,CVB,FOH,PCM,26,315
*data,2-DR,BRITISH COLUMBIA,CVB,FOH,PV,7,315
*data,2-DR,BRITISH COLUMBIA,CVB,FOH,SDHW,3,315
*data,2-DR,BRITISH COLUMBIA,CVB,FOH,WAM,21,315
*data,2-DR,BRITISH COLUMBIA,CVB,FOH,WTM2010,25,315
*data,2-DR,BRITISH COLUMBIA,CVB,FOH,WTM2100,25,315
*data,2-DR,BRITISH COLUMBIA,CVB,FOH,WTM2110,25,315
*data,2-DR,BRITISH COLUMBIA,CVB,FOH,WTM3000,26,315
*data,2-DR,BRITISH COLUMBIA,CVB,FOH,WTM3200,26,315
*data,2-DR,BRITISH COLUMBIA,CVB,FOH,WTM3210,26,315
*data,2-DR,BRITISH COLUMBIA,CVB,FOH,WTM3310,26,315
*data,2-DR,BRITISH COLUMBIA,CVB,FVB,PCM,25,315
*data,2-DR,BRITISH COLUMBIA,CVB,FVB,PV,7,315
*data,2-DR,BRITISH COLUMBIA,CVB,FVB,SDHW,3,315
*data,2-DR,BRITISH COLUMBIA,CVB,FVB,WAM,24,315
*data,2-DR,BRITISH COLUMBIA,CVB,FVB,WTM2010,28,315
*data,2-DR,BRITISH COLUMBIA,CVB,FVB,WTM2100,28,315
*data,2-DR,BRITISH COLUMBIA,CVB,FVB,WTM2110,28,315
*data,2-DR,BRITISH COLUMBIA,CVB,FVB,WTM3000,29,315
*data,2-DR,BRITISH COLUMBIA,CVB,FVB,WTM3200,29,315
*data,2-DR,BRITISH COLUMBIA,CVB,FVB,WTM3210,29,315
*data,2-DR,BRITISH COLUMBIA,CVB,FVB,WTM3310,29,315
*data,2-DR,BRITISH COLUMBIA,CVB,PCM,PV,7,315
*data,2-DR,BRITISH COLUMBIA,CVB,PCM,SDHW,3,315
*data,2-DR,BRITISH COLUMBIA,CVB,PCM,WAM,21,315
*data,2-DR,BRITISH COLUMBIA,CVB,PCM,WTM2010,25,315
*data,2-DR,BRITISH COLUMBIA,CVB,PCM,WTM2100,25,315
*data,2-DR,BRITISH COLUMBIA,CVB,PCM,WTM2110,25,315
*data,2-DR,BRITISH COLUMBIA,CVB,PCM,WTM3000,26,315
*data,2-DR,BRITISH COLUMBIA,CVB,PCM,WTM3200,26,315
*data,2-DR,BRITISH COLUMBIA,CVB,PCM,WTM3210,26,315
*data,2-DR,BRITISH COLUMBIA,CVB,PCM,WTM3310,26,315
*data,2-DR,BRITISH COLUMBIA,CVB,PV,SDHW,3,315
*data,2-DR,BRITISH COLUMBIA,CVB,PV,WAM,6,315
*data,2-DR,BRITISH COLUMBIA,CVB,PV,WTM2010,7,315
*data,2-DR,BRITISH COLUMBIA,CVB,PV,WTM2100,7,315
*data,2-DR,BRITISH COLUMBIA,CVB,PV,WTM2110,7,315
*data,2-DR,BRITISH COLUMBIA,CVB,PV,WTM3000,7,315
*data,2-DR,BRITISH COLUMBIA,CVB,PV,WTM3200,7,315
*data,2-DR,BRITISH COLUMBIA,CVB,PV,WTM3210,7,315
*data,2-DR,BRITISH COLUMBIA,CVB,PV,WTM3310,7,315
*data,2-DR,BRITISH COLUMBIA,CVB,SDHW,WAM,3,315
*data,2-DR,BRITISH COLUMBIA,CVB,SDHW,WTM2010,3,315
*data,2-DR,BRITISH COLUMBIA,CVB,SDHW,WTM2100,3,315
*data,2-DR,BRITISH COLUMBIA,CVB,SDHW,WTM2110,3,315
*data,2-DR,BRITISH COLUMBIA,CVB,SDHW,WTM3000,3,315
*data,2-DR,BRITISH COLUMBIA,CVB,SDHW,WTM3200,3,315
*data,2-DR,BRITISH COLUMBIA,CVB,SDHW,WTM3210,3,315
*data,2-DR,BRITISH COLUMBIA,CVB,SDHW,WTM3310,3,315
*data,2-DR,BRITISH COLUMBIA,CVB,WAM,WTM2010,23,315
*data,2-DR,BRITISH COLUMBIA,CVB,WAM,WTM2100,23,315
*data,2-DR,BRITISH COLUMBIA,CVB,WAM,WTM2110,23,315
*data,2-DR,BRITISH COLUMBIA,CVB,WAM,WTM3000,24,315
*data,2-DR,BRITISH COLUMBIA,CVB,WAM,WTM3200,24,315
*data,2-DR,BRITISH COLUMBIA,CVB,WAM,WTM3210,24,315
*data,2-DR,BRITISH COLUMBIA,CVB,WAM,WTM3310,24,315
*data,2-DR,BRITISH COLUMBIA,CVB,WTM2010,WTM2100,29,315
*data,2-DR,BRITISH COLUMBIA,CVB,WTM2010,WTM2110,29,315
*data,2-DR,BRITISH COLUMBIA,CVB,WTM2010,WTM3000,29,315
*data,2-DR,BRITISH COLUMBIA,CVB,WTM2010,WTM3200,29,315
*data,2-DR,BRITISH COLUMBIA,CVB,WTM2010,WTM3210,29,315
*data,2-DR,BRITISH COLUMBIA,CVB,WTM2010,WTM3310,29,315
*data,2-DR,BRITISH COLUMBIA,CVB,WTM2100,WTM2110,29,315
*data,2-DR,BRITISH COLUMBIA,CVB,WTM2100,WTM3000,29,315
*data,2-DR,BRITISH COLUMBIA,CVB,WTM2100,WTM3200,29,315
*data,2-DR,BRITISH COLUMBIA,CVB,WTM2100,WTM3210,29,315
*data,2-DR,BRITISH COLUMBIA,CVB,WTM2100,WTM3310,29,315
*data,2-DR,BRITISH COLUMBIA,CVB,WTM2110,WTM3000,29,315
*data,2-DR,BRITISH COLUMBIA,CVB,WTM2110,WTM3200,29,315
*data,2-DR,BRITISH COLUMBIA,CVB,WTM2110,WTM3210,29,315
*data,2-DR,BRITISH COLUMBIA,CVB,WTM2110,WTM3310,29,315
*data,2-DR,BRITISH COLUMBIA,CVB,WTM3000,WTM3200,30,315
*data,2-DR,BRITISH COLUMBIA,CVB,WTM3000,WTM3210,30,315
*data,2-DR,BRITISH COLUMBIA,CVB,WTM3000,WTM3310,30,315
*data,2-DR,BRITISH COLUMBIA,CVB,WTM3200,WTM3210,30,315
*data,2-DR,BRITISH COLUMBIA,CVB,WTM3200,WTM3310,30,315
*data,2-DR,BRITISH COLUMBIA,CVB,WTM3210,WTM3310,30,315
*data,2-DR,BRITISH COLUMBIA,FOH,0,0,26,315
*data,2-DR,BRITISH COLUMBIA,FOH,FVB,0,25,315
*data,2-DR,BRITISH COLUMBIA,FOH,PCM,0,26,315
*data,2-DR,BRITISH COLUMBIA,FOH,PV,0,7,315
*data,2-DR,BRITISH COLUMBIA,FOH,SDHW,0,3,315
*data,2-DR,BRITISH COLUMBIA,FOH,WAM,0,21,315
*data,2-DR,BRITISH COLUMBIA,FOH,WTM2010,0,25,315
*data,2-DR,BRITISH COLUMBIA,FOH,WTM2100,0,25,315
*data,2-DR,BRITISH COLUMBIA,FOH,WTM2110,0,25,315
*data,2-DR,BRITISH COLUMBIA,FOH,WTM3000,0,26,315
*data,2-DR,BRITISH COLUMBIA,FOH,WTM3200,0,26,315
*data,2-DR,BRITISH COLUMBIA,FOH,WTM3210,0,26,315
*data,2-DR,BRITISH COLUMBIA,FOH,WTM3310,0,26,315
*data,2-DR,BRITISH COLUMBIA,FOH,FVB,PCM,25,315
*data,2-DR,BRITISH COLUMBIA,FOH,FVB,PV,7,315
*data,2-DR,BRITISH COLUMBIA,FOH,FVB,SDHW,3,315
*data,2-DR,BRITISH COLUMBIA,FOH,FVB,WAM,21,315
*data,2-DR,BRITISH COLUMBIA,FOH,FVB,WTM2010,24,315
*data,2-DR,BRITISH COLUMBIA,FOH,FVB,WTM2100,24,315
*data,2-DR,BRITISH COLUMBIA,FOH,FVB,WTM2110,24,315
*data,2-DR,BRITISH COLUMBIA,FOH,FVB,WTM3000,25,315
*data,2-DR,BRITISH COLUMBIA,FOH,FVB,WTM3200,25,315
*data,2-DR,BRITISH COLUMBIA,FOH,FVB,WTM3210,25,315
*data,2-DR,BRITISH COLUMBIA,FOH,FVB,WTM3310,25,315
*data,2-DR,BRITISH COLUMBIA,FOH,PCM,PV,7,315
*data,2-DR,BRITISH COLUMBIA,FOH,PCM,SDHW,3,315
*data,2-DR,BRITISH COLUMBIA,FOH,PCM,WAM,21,315
*data,2-DR,BRITISH COLUMBIA,FOH,PCM,WTM2010,25,315
*data,2-DR,BRITISH COLUMBIA,FOH,PCM,WTM2100,25,315
*data,2-DR,BRITISH COLUMBIA,FOH,PCM,WTM2110,25,315
*data,2-DR,BRITISH COLUMBIA,FOH,PCM,WTM3000,26,315
*data,2-DR,BRITISH COLUMBIA,FOH,PCM,WTM3200,26,315
*data,2-DR,BRITISH COLUMBIA,FOH,PCM,WTM3210,26,315
*data,2-DR,BRITISH COLUMBIA,FOH,PCM,WTM3310,26,315
*data,2-DR,BRITISH COLUMBIA,FOH,PV,SDHW,3,315
*data,2-DR,BRITISH COLUMBIA,FOH,PV,WAM,6,315
*data,2-DR,BRITISH COLUMBIA,FOH,PV,WTM2010,7,315
*data,2-DR,BRITISH COLUMBIA,FOH,PV,WTM2100,7,315
*data,2-DR,BRITISH COLUMBIA,FOH,PV,WTM2110,7,315
*data,2-DR,BRITISH COLUMBIA,FOH,PV,WTM3000,7,315
*data,2-DR,BRITISH COLUMBIA,FOH,PV,WTM3200,7,315
*data,2-DR,BRITISH COLUMBIA,FOH,PV,WTM3210,7,315
*data,2-DR,BRITISH COLUMBIA,FOH,PV,WTM3310,7,315
*data,2-DR,BRITISH COLUMBIA,FOH,SDHW,WAM,3,315
*data,2-DR,BRITISH COLUMBIA,FOH,SDHW,WTM2010,3,315
*data,2-DR,BRITISH COLUMBIA,FOH,SDHW,WTM2100,3,315
*data,2-DR,BRITISH COLUMBIA,FOH,SDHW,WTM2110,3,315
*data,2-DR,BRITISH COLUMBIA,FOH,SDHW,WTM3000,3,315
*data,2-DR,BRITISH COLUMBIA,FOH,SDHW,WTM3200,3,315
*data,2-DR,BRITISH COLUMBIA,FOH,SDHW,WTM3210,3,315
*data,2-DR,BRITISH COLUMBIA,FOH,SDHW,WTM3310,3,315
*data,2-DR,BRITISH COLUMBIA,FOH,WAM,WTM2010,20,315
*data,2-DR,BRITISH COLUMBIA,FOH,WAM,WTM2100,20,315
*data,2-DR,BRITISH COLUMBIA,FOH,WAM,WTM2110,20,315
*data,2-DR,BRITISH COLUMBIA,FOH,WAM,WTM3000,21,315
*data,2-DR,BRITISH COLUMBIA,FOH,WAM,WTM3200,21,315
*data,2-DR,BRITISH COLUMBIA,FOH,WAM,WTM3210,21,315
*data,2-DR,BRITISH COLUMBIA,FOH,WAM,WTM3310,21,315
*data,2-DR,BRITISH COLUMBIA,FOH,WTM2010,WTM2100,25,315
*data,2-DR,BRITISH COLUMBIA,FOH,WTM2010,WTM2110,25,315
*data,2-DR,BRITISH COLUMBIA,FOH,WTM2010,WTM3000,25,315
*data,2-DR,BRITISH COLUMBIA,FOH,WTM2010,WTM3200,25,315
*data,2-DR,BRITISH COLUMBIA,FOH,WTM2010,WTM3210,25,315
*data,2-DR,BRITISH COLUMBIA,FOH,WTM2010,WTM3310,25,315
*data,2-DR,BRITISH COLUMBIA,FOH,WTM2100,WTM2110,25,315
*data,2-DR,BRITISH COLUMBIA,FOH,WTM2100,WTM3000,25,315
*data,2-DR,BRITISH COLUMBIA,FOH,WTM2100,WTM3200,25,315
*data,2-DR,BRITISH COLUMBIA,FOH,WTM2100,WTM3210,25,315
*data,2-DR,BRITISH COLUMBIA,FOH,WTM2100,WTM3310,25,315
*data,2-DR,BRITISH COLUMBIA,FOH,WTM2110,WTM3000,25,315
*data,2-DR,BRITISH COLUMBIA,FOH,WTM2110,WTM3200,25,315
*data,2-DR,BRITISH COLUMBIA,FOH,WTM2110,WTM3210,25,315
*data,2-DR,BRITISH COLUMBIA,FOH,WTM2110,WTM3310,25,315
*data,2-DR,BRITISH COLUMBIA,FOH,WTM3000,WTM3200,26,315
*data,2-DR,BRITISH COLUMBIA,FOH,WTM3000,WTM3210,26,315
*data,2-DR,BRITISH COLUMBIA,FOH,WTM3000,WTM3310,26,315
*data,2-DR,BRITISH COLUMBIA,FOH,WTM3200,WTM3210,26,315
*data,2-DR,BRITISH COLUMBIA,FOH,WTM3200,WTM3310,26,315
*data,2-DR,BRITISH COLUMBIA,FOH,WTM3210,WTM3310,26,315
*data,2-DR,BRITISH COLUMBIA,FVB,0,0,29,315
*data,2-DR,BRITISH COLUMBIA,FVB,PCM,0,25,315
*data,2-DR,BRITISH COLUMBIA,FVB,PV,0,7,315
*data,2-DR,BRITISH COLUMBIA,FVB,SDHW,0,3,315
*data,2-DR,BRITISH COLUMBIA,FVB,WAM,0,24,315
*data,2-DR,BRITISH COLUMBIA,FVB,WTM2010,0,28,315
*data,2-DR,BRITISH COLUMBIA,FVB,WTM2100,0,28,315
*data,2-DR,BRITISH COLUMBIA,FVB,WTM2110,0,28,315
*data,2-DR,BRITISH COLUMBIA,FVB,WTM3000,0,29,315
*data,2-DR,BRITISH COLUMBIA,FVB,WTM3200,0,29,315
*data,2-DR,BRITISH COLUMBIA,FVB,WTM3210,0,29,315
*data,2-DR,BRITISH COLUMBIA,FVB,WTM3310,0,29,315
*data,2-DR,BRITISH COLUMBIA,FVB,PCM,PV,7,315
*data,2-DR,BRITISH COLUMBIA,FVB,PCM,SDHW,3,315
*data,2-DR,BRITISH COLUMBIA,FVB,PCM,WAM,21,315
*data,2-DR,BRITISH COLUMBIA,FVB,PCM,WTM2010,24,315
*data,2-DR,BRITISH COLUMBIA,FVB,PCM,WTM2100,24,315
*data,2-DR,BRITISH COLUMBIA,FVB,PCM,WTM2110,24,315
*data,2-DR,BRITISH COLUMBIA,FVB,PCM,WTM3000,25,315
*data,2-DR,BRITISH COLUMBIA,FVB,PCM,WTM3200,25,315
*data,2-DR,BRITISH COLUMBIA,FVB,PCM,WTM3210,25,315
*data,2-DR,BRITISH COLUMBIA,FVB,PCM,WTM3310,25,315
*data,2-DR,BRITISH COLUMBIA,FVB,PV,SDHW,3,315
*data,2-DR,BRITISH COLUMBIA,FVB,PV,WAM,6,315
*data,2-DR,BRITISH COLUMBIA,FVB,PV,WTM2010,7,315
*data,2-DR,BRITISH COLUMBIA,FVB,PV,WTM2100,7,315
*data,2-DR,BRITISH COLUMBIA,FVB,PV,WTM2110,7,315
*data,2-DR,BRITISH COLUMBIA,FVB,PV,WTM3000,7,315
*data,2-DR,BRITISH COLUMBIA,FVB,PV,WTM3200,7,315
*data,2-DR,BRITISH COLUMBIA,FVB,PV,WTM3210,7,315
*data,2-DR,BRITISH COLUMBIA,FVB,PV,WTM3310,7,315
*data,2-DR,BRITISH COLUMBIA,FVB,SDHW,WAM,3,315
*data,2-DR,BRITISH COLUMBIA,FVB,SDHW,WTM2010,3,315
*data,2-DR,BRITISH COLUMBIA,FVB,SDHW,WTM2100,3,315
*data,2-DR,BRITISH COLUMBIA,FVB,SDHW,WTM2110,3,315
*data,2-DR,BRITISH COLUMBIA,FVB,SDHW,WTM3000,3,315
*data,2-DR,BRITISH COLUMBIA,FVB,SDHW,WTM3200,3,315
*data,2-DR,BRITISH COLUMBIA,FVB,SDHW,WTM3210,3,315
*data,2-DR,BRITISH COLUMBIA,FVB,SDHW,WTM3310,3,315
*data,2-DR,BRITISH COLUMBIA,FVB,WAM,WTM2010,23,315
*data,2-DR,BRITISH COLUMBIA,FVB,WAM,WTM2100,23,315
*data,2-DR,BRITISH COLUMBIA,FVB,WAM,WTM2110,23,315
*data,2-DR,BRITISH COLUMBIA,FVB,WAM,WTM3000,24,315
*data,2-DR,BRITISH COLUMBIA,FVB,WAM,WTM3200,24,315
*data,2-DR,BRITISH COLUMBIA,FVB,WAM,WTM3210,24,315
*data,2-DR,BRITISH COLUMBIA,FVB,WAM,WTM3310,24,315
*data,2-DR,BRITISH COLUMBIA,FVB,WTM2010,WTM2100,28,315
*data,2-DR,BRITISH COLUMBIA,FVB,WTM2010,WTM2110,28,315
*data,2-DR,BRITISH COLUMBIA,FVB,WTM2010,WTM3000,28,315
*data,2-DR,BRITISH COLUMBIA,FVB,WTM2010,WTM3200,28,315
*data,2-DR,BRITISH COLUMBIA,FVB,WTM2010,WTM3210,28,315
*data,2-DR,BRITISH COLUMBIA,FVB,WTM2010,WTM3310,28,315
*data,2-DR,BRITISH COLUMBIA,FVB,WTM2100,WTM2110,28,315
*data,2-DR,BRITISH COLUMBIA,FVB,WTM2100,WTM3000,28,315
*data,2-DR,BRITISH COLUMBIA,FVB,WTM2100,WTM3200,28,315
*data,2-DR,BRITISH COLUMBIA,FVB,WTM2100,WTM3210,28,315
*data,2-DR,BRITISH COLUMBIA,FVB,WTM2100,WTM3310,28,315
*data,2-DR,BRITISH COLUMBIA,FVB,WTM2110,WTM3000,28,315
*data,2-DR,BRITISH COLUMBIA,FVB,WTM2110,WTM3200,28,315
*data,2-DR,BRITISH COLUMBIA,FVB,WTM2110,WTM3210,28,315
*data,2-DR,BRITISH COLUMBIA,FVB,WTM2110,WTM3310,28,315
*data,2-DR,BRITISH COLUMBIA,FVB,WTM3000,WTM3200,29,315
*data,2-DR,BRITISH COLUMBIA,FVB,WTM3000,WTM3210,29,315
*data,2-DR,BRITISH COLUMBIA,FVB,WTM3000,WTM3310,29,315
*data,2-DR,BRITISH COLUMBIA,FVB,WTM3200,WTM3210,29,315
*data,2-DR,BRITISH COLUMBIA,FVB,WTM3200,WTM3310,29,315
*data,2-DR,BRITISH COLUMBIA,FVB,WTM3210,WTM3310,29,315
*data,2-DR,BRITISH COLUMBIA,PCM,0,0,246,315
*data,2-DR,BRITISH COLUMBIA,PCM,PV,0,79,315
*data,2-DR,BRITISH COLUMBIA,PCM,SDHW,0,41,315
*data,2-DR,BRITISH COLUMBIA,PCM,WAM,0,152,315
*data,2-DR,BRITISH COLUMBIA,PCM,WTM2010,0,239,315
*data,2-DR,BRITISH COLUMBIA,PCM,WTM2100,0,239,315
*data,2-DR,BRITISH COLUMBIA,PCM,WTM2110,0,239,315
*data,2-DR,BRITISH COLUMBIA,PCM,WTM3000,0,246,315
*data,2-DR,BRITISH COLUMBIA,PCM,WTM3200,0,246,315
*data,2-DR,BRITISH COLUMBIA,PCM,WTM3210,0,246,315
*data,2-DR,BRITISH COLUMBIA,PCM,WTM3310,0,246,315
*data,2-DR,BRITISH COLUMBIA,PCM,PV,SDHW,41,315
*data,2-DR,BRITISH COLUMBIA,PCM,PV,WAM,39,315
*data,2-DR,BRITISH COLUMBIA,PCM,PV,WTM2010,78,315
*data,2-DR,BRITISH COLUMBIA,PCM,PV,WTM2100,78,315
*data,2-DR,BRITISH COLUMBIA,PCM,PV,WTM2110,78,315
*data,2-DR,BRITISH COLUMBIA,PCM,PV,WTM3000,79,315
*data,2-DR,BRITISH COLUMBIA,PCM,PV,WTM3200,79,315
*data,2-DR,BRITISH COLUMBIA,PCM,PV,WTM3210,79,315
*data,2-DR,BRITISH COLUMBIA,PCM,PV,WTM3310,79,315
*data,2-DR,BRITISH COLUMBIA,PCM,SDHW,WAM,28,315
*data,2-DR,BRITISH COLUMBIA,PCM,SDHW,WTM2010,41,315
*data,2-DR,BRITISH COLUMBIA,PCM,SDHW,WTM2100,41,315
*data,2-DR,BRITISH COLUMBIA,PCM,SDHW,WTM2110,41,315
*data,2-DR,BRITISH COLUMBIA,PCM,SDHW,WTM3000,41,315
*data,2-DR,BRITISH COLUMBIA,PCM,SDHW,WTM3200,41,315
*data,2-DR,BRITISH COLUMBIA,PCM,SDHW,WTM3210,41,315
*data,2-DR,BRITISH COLUMBIA,PCM,SDHW,WTM3310,41,315
*data,2-DR,BRITISH COLUMBIA,PCM,WAM,WTM2010,147,315
*data,2-DR,BRITISH COLUMBIA,PCM,WAM,WTM2100,147,315
*data,2-DR,BRITISH COLUMBIA,PCM,WAM,WTM2110,147,315
*data,2-DR,BRITISH COLUMBIA,PCM,WAM,WTM3000,152,315
*data,2-DR,BRITISH COLUMBIA,PCM,WAM,WTM3200,152,315
*data,2-DR,BRITISH COLUMBIA,PCM,WAM,WTM3210,152,315
*data,2-DR,BRITISH COLUMBIA,PCM,WAM,WTM3310,152,315
*data,2-DR,BRITISH COLUMBIA,PCM,WTM2010,WTM2100,239,315
*data,2-DR,BRITISH COLUMBIA,PCM,WTM2010,WTM2110,239,315
*data,2-DR,BRITISH COLUMBIA,PCM,WTM2010,WTM3000,239,315
*data,2-DR,BRITISH COLUMBIA,PCM,WTM2010,WTM3200,239,315
*data,2-DR,BRITISH COLUMBIA,PCM,WTM2010,WTM3210,239,315
*data,2-DR,BRITISH COLUMBIA,PCM,WTM2010,WTM3310,239,315
*data,2-DR,BRITISH COLUMBIA,PCM,WTM2100,WTM2110,239,315
*data,2-DR,BRITISH COLUMBIA,PCM,WTM2100,WTM3000,239,315
*data,2-DR,BRITISH COLUMBIA,PCM,WTM2100,WTM3200,239,315
*data,2-DR,BRITISH COLUMBIA,PCM,WTM2100,WTM3210,239,315
*data,2-DR,BRITISH COLUMBIA,PCM,WTM2100,WTM3310,239,315
*data,2-DR,BRITISH COLUMBIA,PCM,WTM2110,WTM3000,239,315
*data,2-DR,BRITISH COLUMBIA,PCM,WTM2110,WTM3200,239,315
*data,2-DR,BRITISH COLUMBIA,PCM,WTM2110,WTM3210,239,315
*data,2-DR,BRITISH COLUMBIA,PCM,WTM2110,WTM3310,239,315
*data,2-DR,BRITISH COLUMBIA,PCM,WTM3000,WTM3200,246,315
*data,2-DR,BRITISH COLUMBIA,PCM,WTM3000,WTM3210,246,315
*data,2-DR,BRITISH COLUMBIA,PCM,WTM3000,WTM3310,246,315
*data,2-DR,BRITISH COLUMBIA,PCM,WTM3200,WTM3210,246,315
*data,2-DR,BRITISH COLUMBIA,PCM,WTM3200,WTM3310,246,315
*data,2-DR,BRITISH COLUMBIA,PCM,WTM3210,WTM3310,246,315
*data,2-DR,BRITISH COLUMBIA,PV,0,0,94,315
*data,2-DR,BRITISH COLUMBIA,PV,SDHW,0,46,315
*data,2-DR,BRITISH COLUMBIA,PV,WAM,0,43,315
*data,2-DR,BRITISH COLUMBIA,PV,WTM2010,0,93,315
*data,2-DR,BRITISH COLUMBIA,PV,WTM2100,0,93,315
*data,2-DR,BRITISH COLUMBIA,PV,WTM2110,0,93,315
*data,2-DR,BRITISH COLUMBIA,PV,WTM3000,0,94,315
*data,2-DR,BRITISH COLUMBIA,PV,WTM3200,0,94,315
*data,2-DR,BRITISH COLUMBIA,PV,WTM3210,0,94,315
*data,2-DR,BRITISH COLUMBIA,PV,WTM3310,0,94,315
*data,2-DR,BRITISH COLUMBIA,PV,SDHW,WAM,29,315
*data,2-DR,BRITISH COLUMBIA,PV,SDHW,WTM2010,46,315
*data,2-DR,BRITISH COLUMBIA,PV,SDHW,WTM2100,46,315
*data,2-DR,BRITISH COLUMBIA,PV,SDHW,WTM2110,46,315
*data,2-DR,BRITISH COLUMBIA,PV,SDHW,WTM3000,46,315
*data,2-DR,BRITISH COLUMBIA,PV,SDHW,WTM3200,46,315
*data,2-DR,BRITISH COLUMBIA,PV,SDHW,WTM3210,46,315
*data,2-DR,BRITISH COLUMBIA,PV,SDHW,WTM3310,46,315
*data,2-DR,BRITISH COLUMBIA,PV,WAM,WTM2010,43,315
*data,2-DR,BRITISH COLUMBIA,PV,WAM,WTM2100,43,315
*data,2-DR,BRITISH COLUMBIA,PV,WAM,WTM2110,43,315
*data,2-DR,BRITISH COLUMBIA,PV,WAM,WTM3000,43,315
*data,2-DR,BRITISH COLUMBIA,PV,WAM,WTM3200,43,315
*data,2-DR,BRITISH COLUMBIA,PV,WAM,WTM3210,43,315
*data,2-DR,BRITISH COLUMBIA,PV,WAM,WTM3310,43,315
*data,2-DR,BRITISH COLUMBIA,PV,WTM2010,WTM2100,93,315
*data,2-DR,BRITISH COLUMBIA,PV,WTM2010,WTM2110,93,315
*data,2-DR,BRITISH COLUMBIA,PV,WTM2010,WTM3000,93,315
*data,2-DR,BRITISH COLUMBIA,PV,WTM2010,WTM3200,93,315
*data,2-DR,BRITISH COLUMBIA,PV,WTM2010,WTM3210,93,315
*data,2-DR,BRITISH COLUMBIA,PV,WTM2010,WTM3310,93,315
*data,2-DR,BRITISH COLUMBIA,PV,WTM2100,WTM2110,93,315
*data,2-DR,BRITISH COLUMBIA,PV,WTM2100,WTM3000,93,315
*data,2-DR,BRITISH COLUMBIA,PV,WTM2100,WTM3200,93,315
*data,2-DR,BRITISH COLUMBIA,PV,WTM2100,WTM3210,93,315
*data,2-DR,BRITISH COLUMBIA,PV,WTM2100,WTM3310,93,315
*data,2-DR,BRITISH COLUMBIA,PV,WTM2110,WTM3000,93,315
*data,2-DR,BRITISH COLUMBIA,PV,WTM2110,WTM3200,93,315
*data,2-DR,BRITISH COLUMBIA,PV,WTM2110,WTM3210,93,315
*data,2-DR,BRITISH COLUMBIA,PV,WTM2110,WTM3310,93,315
*data,2-DR,BRITISH COLUMBIA,PV,WTM3000,WTM3200,94,315
*data,2-DR,BRITISH COLUMBIA,PV,WTM3000,WTM3210,94,315
*data,2-DR,BRITISH COLUMBIA,PV,WTM3000,WTM3310,94,315
*data,2-DR,BRITISH COLUMBIA,PV,WTM3200,WTM3210,94,315
*data,2-DR,BRITISH COLUMBIA,PV,WTM3200,WTM3310,94,315
*data,2-DR,BRITISH COLUMBIA,PV,WTM3210,WTM3310,94,315
*data,2-DR,BRITISH COLUMBIA,SDHW,0,0,46,315
*data,2-DR,BRITISH COLUMBIA,SDHW,WAM,0,29,315
*data,2-DR,BRITISH COLUMBIA,SDHW,WTM2010,0,46,315
*data,2-DR,BRITISH COLUMBIA,SDHW,WTM2100,0,46,315
*data,2-DR,BRITISH COLUMBIA,SDHW,WTM2110,0,46,315
*data,2-DR,BRITISH COLUMBIA,SDHW,WTM3000,0,46,315
*data,2-DR,BRITISH COLUMBIA,SDHW,WTM3200,0,46,315
*data,2-DR,BRITISH COLUMBIA,SDHW,WTM3210,0,46,315
*data,2-DR,BRITISH COLUMBIA,SDHW,WTM3310,0,46,315
*data,2-DR,BRITISH COLUMBIA,SDHW,WAM,WTM2010,29,315
*data,2-DR,BRITISH COLUMBIA,SDHW,WAM,WTM2100,29,315
*data,2-DR,BRITISH COLUMBIA,SDHW,WAM,WTM2110,29,315
*data,2-DR,BRITISH COLUMBIA,SDHW,WAM,WTM3000,29,315
*data,2-DR,BRITISH COLUMBIA,SDHW,WAM,WTM3200,29,315
*data,2-DR,BRITISH COLUMBIA,SDHW,WAM,WTM3210,29,315
*data,2-DR,BRITISH COLUMBIA,SDHW,WAM,WTM3310,29,315
*data,2-DR,BRITISH COLUMBIA,SDHW,WTM2010,WTM2100,46,315
*data,2-DR,BRITISH COLUMBIA,SDHW,WTM2010,WTM2110,46,315
*data,2-DR,BRITISH COLUMBIA,SDHW,WTM2010,WTM3000,46,315
*data,2-DR,BRITISH COLUMBIA,SDHW,WTM2010,WTM3200,46,315
*data,2-DR,BRITISH COLUMBIA,SDHW,WTM2010,WTM3210,46,315
*data,2-DR,BRITISH COLUMBIA,SDHW,WTM2010,WTM3310,46,315
*data,2-DR,BRITISH COLUMBIA,SDHW,WTM2100,WTM2110,46,315
*data,2-DR,BRITISH COLUMBIA,SDHW,WTM2100,WTM3000,46,315
*data,2-DR,BRITISH COLUMBIA,SDHW,WTM2100,WTM3200,46,315
*data,2-DR,BRITISH COLUMBIA,SDHW,WTM2100,WTM3210,46,315
*data,2-DR,BRITISH COLUMBIA,SDHW,WTM2100,WTM3310,46,315
*data,2-DR,BRITISH COLUMBIA,SDHW,WTM2110,WTM3000,46,315
*data,2-DR,BRITISH COLUMBIA,SDHW,WTM2110,WTM3200,46,315
*data,2-DR,BRITISH COLUMBIA,SDHW,WTM2110,WTM3210,46,315
*data,2-DR,BRITISH COLUMBIA,SDHW,WTM2110,WTM3310,46,315
*data,2-DR,BRITISH COLUMBIA,SDHW,WTM3000,WTM3200,46,315
*data,2-DR,BRITISH COLUMBIA,SDHW,WTM3000,WTM3210,46,315
*data,2-DR,BRITISH COLUMBIA,SDHW,WTM3000,WTM3310,46,315
*data,2-DR,BRITISH COLUMBIA,SDHW,WTM3200,WTM3210,46,315
*data,2-DR,BRITISH COLUMBIA,SDHW,WTM3200,WTM3310,46,315
*data,2-DR,BRITISH COLUMBIA,SDHW,WTM3210,WTM3310,46,315
*data,2-DR,BRITISH COLUMBIA,WAM,0,0,192,315
*data,2-DR,BRITISH COLUMBIA,WAM,WTM2010,0,187,315
*data,2-DR,BRITISH COLUMBIA,WAM,WTM2100,0,187,315
*data,2-DR,BRITISH COLUMBIA,WAM,WTM2110,0,187,315
*data,2-DR,BRITISH COLUMBIA,WAM,WTM3000,0,192,315
*data,2-DR,BRITISH COLUMBIA,WAM,WTM3200,0,192,315
*data,2-DR,BRITISH COLUMBIA,WAM,WTM3210,0,192,315
*data,2-DR,BRITISH COLUMBIA,WAM,WTM3310,0,192,315
*data,2-DR,BRITISH COLUMBIA,WAM,WTM2010,WTM2100,187,315
*data,2-DR,BRITISH COLUMBIA,WAM,WTM2010,WTM2110,187,315
*data,2-DR,BRITISH COLUMBIA,WAM,WTM2010,WTM3000,187,315
*data,2-DR,BRITISH COLUMBIA,WAM,WTM2010,WTM3200,187,315
*data,2-DR,BRITISH COLUMBIA,WAM,WTM2010,WTM3210,187,315
*data,2-DR,BRITISH COLUMBIA,WAM,WTM2010,WTM3310,187,315
*data,2-DR,BRITISH COLUMBIA,WAM,WTM2100,WTM2110,187,315
*data,2-DR,BRITISH COLUMBIA,WAM,WTM2100,WTM3000,187,315
*data,2-DR,BRITISH COLUMBIA,WAM,WTM2100,WTM3200,187,315
*data,2-DR,BRITISH COLUMBIA,WAM,WTM2100,WTM3210,187,315
*data,2-DR,BRITISH COLUMBIA,WAM,WTM2100,WTM3310,187,315
*data,2-DR,BRITISH COLUMBIA,WAM,WTM2110,WTM3000,187,315
*data,2-DR,BRITISH COLUMBIA,WAM,WTM2110,WTM3200,187,315
*data,2-DR,BRITISH COLUMBIA,WAM,WTM2110,WTM3210,187,315
*data,2-DR,BRITISH COLUMBIA,WAM,WTM2110,WTM3310,187,315
*data,2-DR,BRITISH COLUMBIA,WAM,WTM3000,WTM3200,192,315
*data,2-DR,BRITISH COLUMBIA,WAM,WTM3000,WTM3210,192,315
*data,2-DR,BRITISH COLUMBIA,WAM,WTM3000,WTM3310,192,315
*data,2-DR,BRITISH COLUMBIA,WAM,WTM3200,WTM3210,192,315
*data,2-DR,BRITISH COLUMBIA,WAM,WTM3200,WTM3310,192,315
*data,2-DR,BRITISH COLUMBIA,WAM,WTM3210,WTM3310,192,315
*data,2-DR,BRITISH COLUMBIA,WTM2010,0,0,308,315
*data,2-DR,BRITISH COLUMBIA,WTM2010,WTM2100,0,308,315
*data,2-DR,BRITISH COLUMBIA,WTM2010,WTM2110,0,308,315
*data,2-DR,BRITISH COLUMBIA,WTM2010,WTM3000,0,308,315
*data,2-DR,BRITISH COLUMBIA,WTM2010,WTM3200,0,308,315
*data,2-DR,BRITISH COLUMBIA,WTM2010,WTM3210,0,308,315
*data,2-DR,BRITISH COLUMBIA,WTM2010,WTM3310,0,308,315
*data,2-DR,BRITISH COLUMBIA,WTM2010,WTM2100,WTM2110,308,315
*data,2-DR,BRITISH COLUMBIA,WTM2010,WTM2100,WTM3000,308,315
*data,2-DR,BRITISH COLUMBIA,WTM2010,WTM2100,WTM3200,308,315
*data,2-DR,BRITISH COLUMBIA,WTM2010,WTM2100,WTM3210,308,315
*data,2-DR,BRITISH COLUMBIA,WTM2010,WTM2100,WTM3310,308,315
*data,2-DR,BRITISH COLUMBIA,WTM2010,WTM2110,WTM3000,308,315
*data,2-DR,BRITISH COLUMBIA,WTM2010,WTM2110,WTM3200,308,315
*data,2-DR,BRITISH COLUMBIA,WTM2010,WTM2110,WTM3210,308,315
*data,2-DR,BRITISH COLUMBIA,WTM2010,WTM2110,WTM3310,308,315
*data,2-DR,BRITISH COLUMBIA,WTM2010,WTM3000,WTM3200,308,315
*data,2-DR,BRITISH COLUMBIA,WTM2010,WTM3000,WTM3210,308,315
*data,2-DR,BRITISH COLUMBIA,WTM2010,WTM3000,WTM3310,308,315
*data,2-DR,BRITISH COLUMBIA,WTM2010,WTM3200,WTM3210,308,315
*data,2-DR,BRITISH COLUMBIA,WTM2010,WTM3200,WTM3310,308,315
*data,2-DR,BRITISH COLUMBIA,WTM2010,WTM3210,WTM3310,308,315
*data,2-DR,BRITISH COLUMBIA,WTM2100,0,0,308,315
*data,2-DR,BRITISH COLUMBIA,WTM2100,WTM2110,0,308,315
*data,2-DR,BRITISH COLUMBIA,WTM2100,WTM3000,0,308,315
*data,2-DR,BRITISH COLUMBIA,WTM2100,WTM3200,0,308,315
*data,2-DR,BRITISH COLUMBIA,WTM2100,WTM3210,0,308,315
*data,2-DR,BRITISH COLUMBIA,WTM2100,WTM3310,0,308,315
*data,2-DR,BRITISH COLUMBIA,WTM2100,WTM2110,WTM3000,308,315
*data,2-DR,BRITISH COLUMBIA,WTM2100,WTM2110,WTM3200,308,315
*data,2-DR,BRITISH COLUMBIA,WTM2100,WTM2110,WTM3210,308,315
*data,2-DR,BRITISH COLUMBIA,WTM2100,WTM2110,WTM3310,308,315
*data,2-DR,BRITISH COLUMBIA,WTM2100,WTM3000,WTM3200,308,315
*data,2-DR,BRITISH COLUMBIA,WTM2100,WTM3000,WTM3210,308,315
*data,2-DR,BRITISH COLUMBIA,WTM2100,WTM3000,WTM3310,308,315
*data,2-DR,BRITISH COLUMBIA,WTM2100,WTM3200,WTM3210,308,315
*data,2-DR,BRITISH COLUMBIA,WTM2100,WTM3200,WTM3310,308,315
*data,2-DR,BRITISH COLUMBIA,WTM2100,WTM3210,WTM3310,308,315
*data,2-DR,BRITISH COLUMBIA,WTM2110,0,0,308,315
*data,2-DR,BRITISH COLUMBIA,WTM2110,WTM3000,0,308,315
*data,2-DR,BRITISH COLUMBIA,WTM2110,WTM3200,0,308,315
*data,2-DR,BRITISH COLUMBIA,WTM2110,WTM3210,0,308,315
*data,2-DR,BRITISH COLUMBIA,WTM2110,WTM3310,0,308,315
*data,2-DR,BRITISH COLUMBIA,WTM2110,WTM3000,WTM3200,308,315
*data,2-DR,BRITISH COLUMBIA,WTM2110,WTM3000,WTM3210,308,315
*data,2-DR,BRITISH COLUMBIA,WTM2110,WTM3000,WTM3310,308,315
*data,2-DR,BRITISH COLUMBIA,WTM2110,WTM3200,WTM3210,308,315
*data,2-DR,BRITISH COLUMBIA,WTM2110,WTM3200,WTM3310,308,315
*data,2-DR,BRITISH COLUMBIA,WTM2110,WTM3210,WTM3310,308,315
*data,2-DR,BRITISH COLUMBIA,WTM3000,0,0,315,315
*data,2-DR,BRITISH COLUMBIA,WTM3000,WTM3200,0,315,315
*data,2-DR,BRITISH COLUMBIA,WTM3000,WTM3210,0,315,315
*data,2-DR,BRITISH COLUMBIA,WTM3000,WTM3310,0,315,315
*data,2-DR,BRITISH COLUMBIA,WTM3000,WTM3200,WTM3210,315,315
*data,2-DR,BRITISH COLUMBIA,WTM3000,WTM3200,WTM3310,315,315
*data,2-DR,BRITISH COLUMBIA,WTM3000,WTM3210,WTM3310,315,315
*data,2-DR,BRITISH COLUMBIA,WTM3200,0,0,315,315
*data,2-DR,BRITISH COLUMBIA,WTM3200,WTM3210,0,315,315
*data,2-DR,BRITISH COLUMBIA,WTM3200,WTM3310,0,315,315
*data,2-DR,BRITISH COLUMBIA,WTM3200,WTM3210,WTM3310,315,315
*data,2-DR,BRITISH COLUMBIA,WTM3210,0,0,315,315
*data,2-DR,BRITISH COLUMBIA,WTM3210,WTM3310,0,315,315
*data,2-DR,BRITISH COLUMBIA,WTM3310,0,0,315,315
