*info,Note:,,
*info,Projected coordinate system: Canada Albers Equal Area Conic,,
*info,Projection: Albers,,
*info,Central meridian: -96.0,,
*info,Standard parallel 1: 50.0,,
*info,Standard parallel 2: 70.0,,
*info,Latitude of origin: 40.0,,
*info,Linear unit: metre,,
*blank,,,
*info,Created by: G Romme, University of Toronto Libraries, GIS & Map Library
*info,from Census of Canada, 1996: digital cartographic file at the FSA level,
*info,27/01/2006,,
*blank,,,
*note,THIS FILE HAS BEEN TAGGED BY LUKAS SWAN. IT COMES FROM THE WEBSITE: http://www.chass.utoronto.ca/datalib/cc96/georef96.htm#fsar,,
*note,I BELIEVE THE REPETITIONS FOR THE SAME FSA BELOW WERE USED FOR ADDING AREAS TOGETHER FROM A GIS PROGRAM,,
*note,I WILL USE THIS FILE BY SUMMING VALUES FOR EACH UNIQUE FSA AND THEN DIVIDING POPULATION IN THE FSA BY THE SUMMED VALUE,,
*note,FSA stands for Forward Sortation Area and is included in the CSDDRD,,
*header,FSA,land_area,
*units,-,km^2,
*data,A0A,0.04,
*data,A0A,0.07,
*data,A0A,0.87,
*data,A0A,0.97,
*data,A0A,1.36,
*data,A0A,1.74,
*data,A0A,10.83,
*data,A0A,19.96,
*data,A0A,3.42,
*data,A0A,3293.66,
*data,A0A,4.07,
*data,A0A,469.68,
*data,A0A,47.68,
*data,A0A,6.4,
*data,A0A,6.48,
*data,A0A,60.56,
*data,A0B,0.57,
*data,A0B,0.78,
*data,A0B,0.88,
*data,A0B,1.47,
*data,A0B,1.49,
*data,A0B,1.55,
*data,A0B,1.91,
*data,A0B,11.96,
*data,A0B,12.3,
*data,A0B,14.64,
*data,A0B,1771.92,
*data,A0B,2.02,
*data,A0B,2.28,
*data,A0B,3.47,
*data,A0B,3.6,
*data,A0B,4.17,
*data,A0B,5.51,
*data,A0B,5.99,
*data,A0B,5268.94,
*data,A0B,7.25,
*data,A0B,9.41,
*data,A0C,0.58,
*data,A0C,1.4,
*data,A0C,125.57,
*data,A0C,4137.2,
*data,A0C,5.94,
*data,A0E,0.7,
*data,A0E,0.74,
*data,A0E,0.99,
*data,A0E,1.26,
*data,A0E,1.47,
*data,A0E,1.67,
*data,A0E,1.98,
*data,A0E,10.99,
*data,A0E,110.35,
*data,A0E,126.7,
*data,A0E,162.24,
*data,A0E,1749.55,
*data,A0E,2.94,
*data,A0E,20.94,
*data,A0E,23.48,
*data,A0E,3401.34,
*data,A0E,4.4,
*data,A0E,42.92,
*data,A0G,0.4,
*data,A0G,0.42,
*data,A0G,0.48,
*data,A0G,0.49,
*data,A0G,0.59,
*data,A0G,0.62,
*data,A0G,0.63,
*data,A0G,0.63,
*data,A0G,0.64,
*data,A0G,0.64,
*data,A0G,0.65,
*data,A0G,0.65,
*data,A0G,0.68,
*data,A0G,0.68,
*data,A0G,0.7,
*data,A0G,0.71,
*data,A0G,0.73,
*data,A0G,0.73,
*data,A0G,0.74,
*data,A0G,0.74,
*data,A0G,0.79,
*data,A0G,0.79,
*data,A0G,0.8,
*data,A0G,0.8,
*data,A0G,0.83,
*data,A0G,0.84,
*data,A0G,0.84,
*data,A0G,0.84,
*data,A0G,0.85,
*data,A0G,0.85,
*data,A0G,0.86,
*data,A0G,0.87,
*data,A0G,0.87,
*data,A0G,0.87,
*data,A0G,0.88,
*data,A0G,0.94,
*data,A0G,0.96,
*data,A0G,0.96,
*data,A0G,0.96,
*data,A0G,1.02,
*data,A0G,1.05,
*data,A0G,1.05,
*data,A0G,1.05,
*data,A0G,1.07,
*data,A0G,1.07,
*data,A0G,1.09,
*data,A0G,1.1,
*data,A0G,1.11,
*data,A0G,1.15,
*data,A0G,1.16,
*data,A0G,1.19,
*data,A0G,1.2,
*data,A0G,1.28,
*data,A0G,1.31,
*data,A0G,1.38,
*data,A0G,1.39,
*data,A0G,1.44,
*data,A0G,1.44,
*data,A0G,1.66,
*data,A0G,1.69,
*data,A0G,1.74,
*data,A0G,1.75,
*data,A0G,1.77,
*data,A0G,1.89,
*data,A0G,12.14,
*data,A0G,12011.64,
*data,A0G,13.98,
*data,A0G,185.08,
*data,A0G,2.11,
*data,A0G,2.15,
*data,A0G,2.18,
*data,A0G,2.26,
*data,A0G,2.76,
*data,A0G,2.79,
*data,A0G,2.96,
*data,A0G,2.96,
*data,A0G,25.17,
*data,A0G,260.42,
*data,A0G,27.68,
*data,A0G,3.09,
*data,A0G,3.11,
*data,A0G,3.16,
*data,A0G,3.29,
*data,A0G,3.43,
*data,A0G,3.7,
*data,A0G,3.72,
*data,A0G,30.65,
*data,A0G,39.64,
*data,A0G,4.31,
*data,A0G,4.4,
*data,A0G,4.5,
*data,A0G,4.69,
*data,A0G,40.23,
*data,A0G,5.17,
*data,A0G,5.53,
*data,A0G,5.71,
*data,A0G,5.97,
*data,A0G,7.07,
*data,A0G,7.31,
*data,A0G,8.42,
*data,A0G,9.34,
*data,A0G,9.38,
*data,A0G,9.9,
*data,A0H,0.82,
*data,A0H,1.11,
*data,A0H,1.12,
*data,A0H,1.28,
*data,A0H,1.34,
*data,A0H,1.44,
*data,A0H,1.51,
*data,A0H,1.58,
*data,A0H,1.75,
*data,A0H,1.76,
*data,A0H,22471.39,
*data,A0H,3.16,
*data,A0H,8.28,
*data,A0H,88.48,
*data,A0J,0.44,
*data,A0J,0.51,
*data,A0J,0.59,
*data,A0J,0.66,
*data,A0J,0.68,
*data,A0J,0.72,
*data,A0J,0.94,
*data,A0J,1774.6,
*data,A0J,22.17,
*data,A0J,24.5,
*data,A0J,35.95,
*data,A0J,37.2,
*data,A0J,7.24,
*data,A0K,0.36,
*data,A0K,0.53,
*data,A0K,0.71,
*data,A0K,0.71,
*data,A0K,0.73,
*data,A0K,0.85,
*data,A0K,0.92,
*data,A0K,0.93,
*data,A0K,0.98,
*data,A0K,1.05,
*data,A0K,1.1,
*data,A0K,1.19,
*data,A0K,1.27,
*data,A0K,1.3,
*data,A0K,1.38,
*data,A0K,1.41,
*data,A0K,1.46,
*data,A0K,1.52,
*data,A0K,1.54,
*data,A0K,1.55,
*data,A0K,1.89,
*data,A0K,10.79,
*data,A0K,12.11,
*data,A0K,16.61,
*data,A0K,17.66,
*data,A0K,18.59,
*data,A0K,18.91,
*data,A0K,2.04,
*data,A0K,2.04,
*data,A0K,2.3,
*data,A0K,2.47,
*data,A0K,23.1,
*data,A0K,26321.01,
*data,A0K,28.15,
*data,A0K,3.19,
*data,A0K,3.54,
*data,A0K,33.87,
*data,A0K,42166.43,
*data,A0K,44.06,
*data,A0K,48.66,
*data,A0K,5.48,
*data,A0K,5.57,
*data,A0K,56.6,
*data,A0K,6.81,
*data,A0K,7.66,
*data,A0K,70.9,
*data,A0K,8.11,
*data,A0K,8.76,
*data,A0K,8.88,
*data,A0K,9.45,
*data,A0K,92.72,
*data,A0K,93.13,
*data,A0L,1.19,
*data,A0L,1.48,
*data,A0L,11.82,
*data,A0L,2,
*data,A0L,268.51,
*data,A0L,3.76,
*data,A0L,5.82,
*data,A0L,50.57,
*data,A0L,571.78,
*data,A0L,832.98,
*data,A0M,0.52,
*data,A0M,0.57,
*data,A0M,0.59,
*data,A0M,0.62,
*data,A0M,0.62,
*data,A0M,0.62,
*data,A0M,0.66,
*data,A0M,0.67,
*data,A0M,0.7,
*data,A0M,0.71,
*data,A0M,0.77,
*data,A0M,0.83,
*data,A0M,0.88,
*data,A0M,0.89,
*data,A0M,0.97,
*data,A0M,1.03,
*data,A0M,1.2,
*data,A0M,1.27,
*data,A0M,1.57,
*data,A0M,16180.28,
*data,A0M,2.11,
*data,A0M,2.99,
*data,A0M,3.39,
*data,A0M,3.61,
*data,A0M,35.96,
*data,A0M,4.28,
*data,A0N,0.63,
*data,A0N,0.71,
*data,A0N,0.95,
*data,A0N,0.97,
*data,A0N,1005.95,
*data,A0N,19.42,
*data,A0N,4229.09,
*data,A0P,10.04,
*data,A0P,10.06,
*data,A0P,10.07,
*data,A0P,10.44,
*data,A0P,10.51,
*data,A0P,10.53,
*data,A0P,10.66,
*data,A0P,11.08,
*data,A0P,11.52,
*data,A0P,11.87,
*data,A0P,11.87,
*data,A0P,12.34,
*data,A0P,13.22,
*data,A0P,13.4,
*data,A0P,132.85,
*data,A0P,141,
*data,A0P,143.33,
*data,A0P,15.29,
*data,A0P,16.33,
*data,A0P,162.18,
*data,A0P,17.09,
*data,A0P,17.13,
*data,A0P,17.41,
*data,A0P,170758.07,
*data,A0P,18.02,
*data,A0P,18.18,
*data,A0P,18.74,
*data,A0P,183.54,
*data,A0P,19.11,
*data,A0P,19.56,
*data,A0P,19.59,
*data,A0P,193.48,
*data,A0P,21.46,
*data,A0P,22.11,
*data,A0P,22.49,
*data,A0P,22.69,
*data,A0P,23.23,
*data,A0P,24.29,
*data,A0P,24.32,
*data,A0P,24.85,
*data,A0P,27.18,
*data,A0P,29.52,
*data,A0P,3.06,
*data,A0P,3.96,
*data,A0P,31.14,
*data,A0P,38.42,
*data,A0P,4.02,
*data,A0P,4.11,
*data,A0P,4.28,
*data,A0P,4.56,
*data,A0P,4.58,
*data,A0P,4.69,
*data,A0P,4.7,
*data,A0P,4.79,
*data,A0P,4.94,
*data,A0P,438.07,
*data,A0P,47.07,
*data,A0P,5,
*data,A0P,5.02,
*data,A0P,5.08,
*data,A0P,5.14,
*data,A0P,5.16,
*data,A0P,5.24,
*data,A0P,5.38,
*data,A0P,5.44,
*data,A0P,5.45,
*data,A0P,5.54,
*data,A0P,5.61,
*data,A0P,5.91,
*data,A0P,5.95,
*data,A0P,6,
*data,A0P,6.15,
*data,A0P,6.23,
*data,A0P,6.24,
*data,A0P,6.25,
*data,A0P,6.34,
*data,A0P,6.4,
*data,A0P,61.72,
*data,A0P,61.72,
*data,A0P,67.06,
*data,A0P,69.36,
*data,A0P,7.4,
*data,A0P,7.61,
*data,A0P,7.77,
*data,A0P,7.81,
*data,A0P,7.99,
*data,A0P,8.16,
*data,A0P,8.16,
*data,A0P,8.17,
*data,A0P,8.39,
*data,A0P,8.55,
*data,A0P,8.97,
*data,A0P,9.03,
*data,A0P,9.73,
*data,A0P,9.95,
*data,A0P,9.96,
*data,A0R,83173.72,
*data,A1A,42.41,
*data,A1B,15.35,
*data,A1B,58.07,
*data,A1C,4.19,
*data,A1E,15.34,
*data,A1G,10.94,
*data,A1K,77.68,
*data,A1L,43.42,
*data,A1N,16.34,
*data,A1S,335.12,
*data,A1V,109.22,
*data,A1W,29.1,
*data,A1X,5.18,
*data,A1X,8.39,
*data,A1Y,85.07,
*data,A2A,30.7,
*data,A2B,30.54,
*data,A2H,1959.07,
*data,A2N,182.59,
*data,A2V,9.99,
*data,B0A,17.42,
*data,B0A,2792.53,
*data,B0A,6.46,
*data,B0C,0.5,
*data,B0C,0.81,
*data,B0C,0.89,
*data,B0C,2130.78,
*data,B0C,4.4,
*data,B0C,5.05,
*data,B0E,0.78,
*data,B0E,0.86,
*data,B0E,0.9,
*data,B0E,1.09,
*data,B0E,1.23,
*data,B0E,1.34,
*data,B0E,1.42,
*data,B0E,1.5,
*data,B0E,1.85,
*data,B0E,11.65,
*data,B0E,112.92,
*data,B0E,156.1,
*data,B0E,4.74,
*data,B0E,6018.89,
*data,B0E,9.72,
*data,B0H,0.28,
*data,B0H,0.96,
*data,B0H,0.96,
*data,B0H,1.33,
*data,B0H,1.6,
*data,B0H,2.12,
*data,B0H,2.19,
*data,B0H,2.48,
*data,B0H,3.91,
*data,B0H,3361.8,
*data,B0J,0.74,
*data,B0J,0.87,
*data,B0J,0.88,
*data,B0J,0.91,
*data,B0J,0.95,
*data,B0J,1,
*data,B0J,1.01,
*data,B0J,1.08,
*data,B0J,1.12,
*data,B0J,1.16,
*data,B0J,1.18,
*data,B0J,1.19,
*data,B0J,1.2,
*data,B0J,1.24,
*data,B0J,1.26,
*data,B0J,1.3,
*data,B0J,1.53,
*data,B0J,1.53,
*data,B0J,1.56,
*data,B0J,1.7,
*data,B0J,1.94,
*data,B0J,2.02,
*data,B0J,2.2,
*data,B0J,2.87,
*data,B0J,2031.36,
*data,B0J,3.14,
*data,B0J,3.72,
*data,B0J,3413.19,
*data,B0J,475.01,
*data,B0J,5.58,
*data,B0K,1.33,
*data,B0K,1.8,
*data,B0K,12.83,
*data,B0K,155.64,
*data,B0K,3375.11,
*data,B0K,8.75,
*data,B0L,506.1,
*data,B0L,79.47,
*data,B0M,2.14,
*data,B0M,3680.44,
*data,B0N,5300.57,
*data,B0N,83.19,
*data,B0P,1719.44,
*data,B0R,1.2,
*data,B0R,11.8,
*data,B0R,110.31,
*data,B0R,1505.24,
*data,B0R,2.68,
*data,B0S,2798.16,
*data,B0T,1.19,
*data,B0T,13.85,
*data,B0T,4.48,
*data,B0T,4418.62,
*data,B0V,10.98,
*data,B0V,247.58,
*data,B0V,44.98,
*data,B0W,0.99,
*data,B0W,1.13,
*data,B0W,1.24,
*data,B0W,1.51,
*data,B0W,1.52,
*data,B0W,1.81,
*data,B0W,1.83,
*data,B0W,1.96,
*data,B0W,2.1,
*data,B0W,2.23,
*data,B0W,2.34,
*data,B0W,3.47,
*data,B0W,3.82,
*data,B0W,39.14,
*data,B0W,4.24,
*data,B0W,4.89,
*data,B0W,4967.96,
*data,B0W,6.51,
*data,B0W,9.68,
*data,B1A,23.38,
*data,B1H,47.56,
*data,B1L,205.29,
*data,B1M,59.03,
*data,B1N,68.58,
*data,B1P,19.33,
*data,B1R,20.24,
*data,B1S,8.16,
*data,B1V,12.25,
*data,B2A,231.35,
*data,B2G,1021.99,
*data,B2H,0.86,
*data,B2H,283.71,
*data,B2H,461.18,
*data,B2N,816.25,
*data,B2T,532.73,
*data,B2V,14.89,
*data,B2W,0.07,
*data,B2W,30.66,
*data,B2X,14.15,
*data,B2Y,9.8,
*data,B2Z,3.13,
*data,B2Z,62.16,
*data,B3A,10.21,
*data,B3B,6.26,
*data,B3G,29.43,
*data,B3H,9.96,
*data,B3J,0.07,
*data,B3J,0.96,
*data,B3K,8.96,
*data,B3L,0.77,
*data,B3L,0.83,
*data,B3L,0.85,
*data,B3L,1.13,
*data,B3L,245.69,
*data,B3L,4.19,
*data,B3M,45.92,
*data,B3N,10.79,
*data,B3P,15.78,
*data,B3R,14.64,
*data,B3R,5.08,
*data,B3S,2.27,
*data,B3T,14.69,
*data,B3Z,126.92,
*data,B4A,0.6,
*data,B4A,0.66,
*data,B4A,22.66,
*data,B4A,42.6,
*data,B4B,182.73,
*data,B4C,39.38,
*data,B4E,0.84,
*data,B4E,40.73,
*data,B4G,87.67,
*data,B4H,586.34,
*data,B4N,309.69,
*data,B4R,10.22,
*data,B4V,560.24,
*data,B5A,1.3,
*data,B5A,179.95,
*data,C0A,1.27,
*data,C0A,1.73,
*data,C0A,2457.7,
*data,C0A,3.21,
*data,C0A,3.28,
*data,C0A,702.66,
*data,C0A,9.1,
*data,C0B,1.61,
*data,C0B,1390,
*data,C0B,2,
*data,C0B,2.33,
*data,C0B,3.81,
*data,C0B,5.64,
*data,C0B,560.76,
*data,C0B,6.23,
*data,C0B,6.97,
*data,C1A,252.72,
*data,C1B,16.31,
*data,C1C,0.13,
*data,C1C,4.65,
*data,C1E,169.97,
*data,C1N,109.9,
*data,E0A,0.97,
*data,E0A,1.08,
*data,E0A,1.69,
*data,E0A,2.21,
*data,E0A,2.39,
*data,E0A,2.69,
*data,E0A,3.75,
*data,E0A,3.85,
*data,E0A,4.29,
*data,E0A,9829.61,
*data,E0B,0.02,
*data,E0B,0.08,
*data,E0B,0.13,
*data,E0B,0.22,
*data,E0B,0.24,
*data,E0B,0.28,
*data,E0B,1.02,
*data,E0B,1.04,
*data,E0B,12.87,
*data,E0B,152.45,
*data,E0B,1969,
*data,E0B,3910.11,
*data,E0B,7.5,
*data,E0B,77.05,
*data,E0C,1.16,
*data,E0C,1121.4,
*data,E0C,4.28,
*data,E0C,4.9,
*data,E0C,6.29,
*data,E0C,6.98,
*data,E0C,7427.57,
*data,E0C,8.46,
*data,E0C,86.35,
*data,E0E,1197.37,
*data,E0E,3400.1,
*data,E0G,0.25,
*data,E0G,0.68,
*data,E0G,0.85,
*data,E0G,0.86,
*data,E0G,0.97,
*data,E0G,1.01,
*data,E0G,1.04,
*data,E0G,1.16,
*data,E0G,1.44,
*data,E0G,1.6,
*data,E0G,1.64,
*data,E0G,1.91,
*data,E0G,147.56,
*data,E0G,2.7,
*data,E0G,2.9,
*data,E0G,3.09,
*data,E0G,3.44,
*data,E0G,38.88,
*data,E0G,4.51,
*data,E0G,47.51,
*data,E0G,6.07,
*data,E0G,7739.28,
*data,E0H,8409.44,
*data,E0J,11335.55,
*data,E0K,27.97,
*data,E0K,5316.61,
*data,E0L,116.97,
*data,E0L,2143.28,
*data,E1A,47.76,
*data,E1B,23.73,
*data,E1C,133.67,
*data,E1C,790.78,
*data,E1E,23.26,
*data,E1G,9.2,
*data,E1N,218.91,
*data,E1N,3.35,
*data,E1N,57.15,
*data,E1V,939.63,
*data,E1W,4.15,
*data,E1W,68.19,
*data,E1X,0.95,
*data,E1X,128.55,
*data,E1X,2.16,
*data,E1X,30.6,
*data,E2A,1519.71,
*data,E2E,42.59,
*data,E2G,31.93,
*data,E2H,30.41,
*data,E2J,25.74,
*data,E2K,20,
*data,E2L,11.84,
*data,E2L,2.36,
*data,E2L,22.31,
*data,E2L,363.47,
*data,E2L,38.99,
*data,E2M,85,
*data,E2N,8.3,
*data,E2N,9.64,
*data,E2P,0.04,
*data,E2P,0.11,
*data,E2P,0.14,
*data,E2P,1.00E-03,
*data,E2P,35.23,
*data,E2S,30.16,
*data,E2V,292.05,
*data,E3A,57.51,
*data,E3B,1909.18,
*data,E3B,25.31,
*data,E3C,79.79,
*data,E3E,41.27,
*data,E3L,550.63,
*data,E3N,182.82,
*data,E3V,101.05,
*data,E3Y,5.3,
*data,E3Z,13.84,
*data,E7A,616.63,
*data,E7B,71.69,
*data,FSA,KM_SQ,
*data,G0A,13084.7,
*data,G0A,202.3,
*data,G0A,3.6,
*data,G0A,32.33,
*data,G0A,4.85,
*data,G0B,0.93,
*data,G0B,10.08,
*data,G0B,217.27,
*data,G0B,4.00E-03,
*data,G0B,4.42,
*data,G0B,4.45,
*data,G0B,42.92,
*data,G0C,10170.5,
*data,G0C,4.67,
*data,G0E,8567.97,
*data,G0G,0.01,
*data,G0G,0.02,
*data,G0G,10.2,
*data,G0G,12.81,
*data,G0G,143766.67,
*data,G0G,15.55,
*data,G0G,16.24,
*data,G0G,17.4,
*data,G0G,18.99,
*data,G0G,22.75,
*data,G0G,230.49,
*data,G0G,40.54,
*data,G0G,41.87,
*data,G0G,5,
*data,G0G,5.23,
*data,G0G,6.07,
*data,G0G,6.26,
*data,G0G,6.33,
*data,G0G,628.63,
*data,G0G,7.01,
*data,G0G,7.51,
*data,G0G,7.58,
*data,G0G,7.67,
*data,G0G,7951.36,
*data,G0G,8.24,
*data,G0G,8.74,
*data,G0H,39100.47,
*data,G0J,11184.14,
*data,G0K,3953.01,
*data,G0L,0.91,
*data,G0L,1.08,
*data,G0L,1.08,
*data,G0L,14.57,
*data,G0L,19.25,
*data,G0L,2.84,
*data,G0L,7.64,
*data,G0L,7900.74,
*data,G0M,3157.75,
*data,G0N,1886.65,
*data,G0P,108.77,
*data,G0P,750.17,
*data,G0R,0.83,
*data,G0R,1.85,
*data,G0R,27.02,
*data,G0R,3.5,
*data,G0R,7271.6,
*data,G0S,3610.29,
*data,G0T,0.03,
*data,G0T,285.8,
*data,G0T,45876.54,
*data,G0V,12881.9,
*data,G0V,65.89,
*data,G0W,90874.85,
*data,G0X,1847.22,
*data,G0X,27767.6,
*data,G0X,424.46,
*data,G0X,860.2,
*data,G0Y,1958.75,
*data,G0Z,629.9,
*data,G1B,45.43,
*data,G1C,19.55,
*data,G1E,0.37,
*data,G1E,0.46,
*data,G1E,9.96,
*data,G1G,10.31,
*data,G1H,7.33,
*data,G1H,8.24,
*data,G1J,6.23,
*data,G1K,3.60E-03,
*data,G1K,4.25,
*data,G1K,4.40E-03,
*data,G1L,3.67,
*data,G1M,10.41,
*data,G1N,0.14,
*data,G1N,2.36,
*data,G1P,8.07,
*data,G1R,3.01,
*data,G1S,4.71,
*data,G1T,4.3,
*data,G1V,11.25,
*data,G1W,8.21,
*data,G1X,15.06,
*data,G1Y,6.78,
*data,G2A,9.53,
*data,G2B,12.44,
*data,G2B,36.73,
*data,G2C,2.55,
*data,G2C,4.17,
*data,G2E,50.32,
*data,G2G,2.02,
*data,G2G,2.78,
*data,G2G,5.31,
*data,G2J,0.81,
*data,G2K,16.41,
*data,G2L,11.84,
*data,G2M,14.8,
*data,G2N,14.24,
*data,G3A,91.74,
*data,G3E,8.5,
*data,G3J,6.68,
*data,G3K,66.54,
*data,G4A,50.67,
*data,G4R,0.09,
*data,G4R,19222.99,
*data,G4R,5.32,
*data,G4S,5.92,
*data,G4W,83.98,
*data,G4Z,2155.96,
*data,G5A,194.63,
*data,G5B,308.98,
*data,G5C,54.15,
*data,G5H,55.75,
*data,G5L,0.02,
*data,G5L,131.21,
*data,G5L,5.28,
*data,G5M,20.08,
*data,G5N,1.74,
*data,G5N,2.45,
*data,G5R,89.74,
*data,G5T,566.45,
*data,G5V,128.34,
*data,G5Y,139.94,
*data,G5Z,3.18,
*data,G6A,3.31,
*data,G6B,335.18,
*data,G6C,55.05,
*data,G6E,109.66,
*data,G6G,183.8,
*data,G6H,40.76,
*data,G6J,95.95,
*data,G6K,3.83,
*data,G6L,345.88,
*data,G6P,129.63,
*data,G6R,15.83,
*data,G6S,2.77,
*data,G6T,5.6,
*data,G6V,77.82,
*data,G6W,23.72,
*data,G6X,8.64,
*data,G6Z,86.31,
*data,G7A,54.96,
*data,G7B,315.37,
*data,G7G,19.9,
*data,G7H,139.86,
*data,G7H,58.36,
*data,G7J,18.39,
*data,G7K,20.9,
*data,G7P,235.25,
*data,G7S,45.53,
*data,G7X,1370.75,
*data,G7Y,0.77,
*data,G7Z,8.81,
*data,G8A,5.63,
*data,G8B,105.27,
*data,G8C,15.17,
*data,G8C,5.39,
*data,G8H,242.5,
*data,G8J,1040.64,
*data,G8K,177.4,
*data,G8L,52.47,
*data,G8M,17522.05,
*data,G8M,420.61,
*data,G8N,271.65,
*data,G8P,10308.03,
*data,G8T,106.2,
*data,G8V,0.37,
*data,G8V,1.01,
*data,G8V,3.14,
*data,G8W,10.08,
*data,G8Y,27.15,
*data,G8Z,8.63,
*data,G9A,0.01,
*data,G9A,0.39,
*data,G9A,0.42,
*data,G9A,0.55,
*data,G9A,12.15,
*data,G9A,2.70E-03,
*data,G9A,31.29,
*data,G9A,9.03,
*data,G9A,9.10E-03,
*data,G9B,9.27,
*data,G9C,11.43,
*data,G9N,96.39,
*data,G9P,20.33,
*data,G9R,1.21,
*data,G9T,88.36,
*data,G9X,7004.08,
*data,H0A,0.33,
*data,H0A,12.57,
*data,H1A,0.02,
*data,H1A,0.14,
*data,H1A,15.33,
*data,H1B,16.1,
*data,H1C,10.94,
*data,H1E,0.04,
*data,H1E,0.05,
*data,H1E,0.14,
*data,H1E,12.11,
*data,H1G,6.52,
*data,H1H,4.6,
*data,H1J,8.22,
*data,H1K,6.12,
*data,H1L,4.66,
*data,H1M,5.43,
*data,H1N,8.01,
*data,H1P,5.06,
*data,H1R,4.51,
*data,H1S,3.47,
*data,H1T,5.28,
*data,H1V,3.62,
*data,H1W,2.80E-03,
*data,H1W,3.12,
*data,H1W,4.20E-03,
*data,H1X,2.62,
*data,H1Y,2.78,
*data,H1Z,6.87,
*data,H2A,2.36,
*data,H2B,0.01,
*data,H2B,0.14,
*data,H2B,2.45,
*data,H2C,2.37,
*data,H2E,1.99,
*data,H2G,2.07,
*data,H2H,1.14,
*data,H2J,2.15,
*data,H2K,3.09,
*data,H2L,2.58,
*data,H2M,3.33,
*data,H2N,1.12,
*data,H2P,2.13,
*data,H2R,1.72,
*data,H2S,2.45,
*data,H2T,1.14,
*data,H2V,4.44,
*data,H2W,1,
*data,H2X,1.53,
*data,H2Y,0.69,
*data,H2Z,0.28,
*data,H3A,1.1,
*data,H3A,3.40E-03,
*data,H3C,1.25,
*data,H3C,1.44,
*data,H3C,2.67,
*data,H3E,3.66,
*data,H3G,3.23,
*data,H3H,1.36,
*data,H3J,1.25,
*data,H3K,4.33,
*data,H3L,0.01,
*data,H3L,4.19,
*data,H3M,2.49,
*data,H3N,1.63,
*data,H3P,2.89,
*data,H3R,2.72,
*data,H3S,2.54,
*data,H3T,1.72,
*data,H3V,1.75,
*data,H3W,2.53,
*data,H3X,0.08,
*data,H3X,3.36,
*data,H3Y,2.54,
*data,H3Z,1.5,
*data,H4A,3.45,
*data,H4B,2.67,
*data,H4C,2.2,
*data,H4E,4.53,
*data,H4G,0.04,
*data,H4G,2.75,
*data,H4H,0.11,
*data,H4H,3.02,
*data,H4J,2.84,
*data,H4K,0.11,
*data,H4K,4.28,
*data,H4L,5.95,
*data,H4M,2.29,
*data,H4N,5.22,
*data,H4P,5.44,
*data,H4R,0.74,
*data,H4R,1.71,
*data,H4S,27.84,
*data,H4V,2.87,
*data,H4W,5.54,
*data,H4X,1.79,
*data,H7A,0.01,
*data,H7A,0.02,
*data,H7A,0.05,
*data,H7A,0.09,
*data,H7A,0.12,
*data,H7A,0.14,
*data,H7A,0.2,
*data,H7A,15.59,
*data,H7A,8.60E-03,
*data,H7B,0.01,
*data,H7B,0.01,
*data,H7B,0.02,
*data,H7B,0.17,
*data,H7B,1.37,
*data,H7B,16.83,
*data,H7C,5.22,
*data,H7E,39,
*data,H7G,6.43,
*data,H7H,2.50E-03,
*data,H7H,3.70E-03,
*data,H7H,9.45,
*data,H7K,6.63,
*data,H7L,0.01,
*data,H7L,0.02,
*data,H7L,0.06,
*data,H7L,0.08,
*data,H7L,0.63,
*data,H7L,1.40E-03,
*data,H7L,1.50E-03,
*data,H7L,1.60E-03,
*data,H7L,15.97,
*data,H7L,2.80E-03,
*data,H7L,6.47,
*data,H7L,6.60E-03,
*data,H7L,9.00E-04,
*data,H7L,9.80E-03,
*data,H7M,10.92,
*data,H7N,8.35,
*data,H7P,0.01,
*data,H7P,0.02,
*data,H7P,0.03,
*data,H7P,0.03,
*data,H7P,0.03,
*data,H7P,0.04,
*data,H7P,0.16,
*data,H7P,12.75,
*data,H7P,2.10E-03,
*data,H7P,5.50E-03,
*data,H7P,6.00E-04,
*data,H7R,0.01,
*data,H7R,0.02,
*data,H7R,0.02,
*data,H7R,0.04,
*data,H7R,0.08,
*data,H7R,17.51,
*data,H7R,4.50E-03,
*data,H7R,9.70E-03,
*data,H7S,9.51,
*data,H7T,14.31,
*data,H7V,6.08,
*data,H7W,0.09,
*data,H7W,0.21,
*data,H7W,0.34,
*data,H7W,9.55,
*data,H7X,12.91,
*data,H7Y,0.02,
*data,H7Y,0.1,
*data,H7Y,0.49,
*data,H7Y,5.4,
*data,H8N,10.02,
*data,H8P,0.05,
*data,H8P,0.11,
*data,H8P,0.43,
*data,H8P,3.54,
*data,H8R,0.99,
*data,H8R,7.09,
*data,H8S,0.61,
*data,H8S,12.4,
*data,H8T,3.26,
*data,H8Y,0.01,
*data,H8Y,5.98,
*data,H8Z,0.02,
*data,H8Z,4.21,
*data,H9A,4.56,
*data,H9B,6.2,
*data,H9C,9.55,
*data,H9E,0.05,
*data,H9E,13.59,
*data,H9G,5.2,
*data,H9H,8.94,
*data,H9J,11.25,
*data,H9K,6.21,
*data,H9P,15.77,
*data,H9R,14.94,
*data,H9S,0.02,
*data,H9S,0.2,
*data,H9S,6.40E-03,
*data,H9S,9.33,
*data,H9W,11.01,
*data,H9X,24.03,
*data,J0A,1389.98,
*data,J0B,2.28,
*data,J0B,5297.07,
*data,J0C,479.38,
*data,J0C,611,
*data,J0E,2646.21,
*data,J0G,1068.19,
*data,J0G,2.03,
*data,J0H,2071.41,
*data,J0J,1587.36,
*data,J0K,1.91,
*data,J0K,12408.8,
*data,J0K,3.32,
*data,J0K,32.8,
*data,J0K,4.01,
*data,J0K,4.66,
*data,J0L,1.93,
*data,J0L,10.28,
*data,J0L,17.4,
*data,J0L,246.62,
*data,J0L,363.14,
*data,J0L,666.95,
*data,J0M,384.26,
*data,J0M,5.78,
*data,J0M,500.37,
*data,J0M,7.39,
*data,J0M,738208.64,
*data,J0M,8.03,
*data,J0M,9.53,
*data,J0N,133.08,
*data,J0N,414.15,
*data,J0P,0.06,
*data,J0P,0.08,
*data,J0P,0.1,
*data,J0P,0.14,
*data,J0P,0.16,
*data,J0P,0.26,
*data,J0P,0.36,
*data,J0P,0.42,
*data,J0P,0.49,
*data,J0P,2.44,
*data,J0P,630.27,
*data,J0R,863.14,
*data,J0S,0.29,
*data,J0S,12.68,
*data,J0S,1475.98,
*data,J0S,2.98,
*data,J0S,4.39,
*data,J0S,7.54,
*data,J0T,5872.54,
*data,J0V,2133.65,
*data,J0V,220.6,
*data,J0V,7.17,
*data,J0V,77.48,
*data,J0W,20081.13,
*data,J0X,19352.83,
*data,J0X,230.54,
*data,J0Y,1185.73,
*data,J0Y,136570.87,
*data,J0Y,2.41,
*data,J0Z,21796.66,
*data,J0Z,5272.75,
*data,J1A,222.99,
*data,J1E,23.64,
*data,J1G,12.23,
*data,J1H,13.45,
*data,J1H,9.75,
*data,J1J,9.28,
*data,J1K,8,
*data,J1L,26.35,
*data,J1M,130.18,
*data,J1N,85.58,
*data,J1S,169.16,
*data,J1T,42.9,
*data,J1X,286.5,
*data,J1Z,173.16,
*data,J2A,10.63,
*data,J2B,215.34,
*data,J2C,25.58,
*data,J2E,4.7,
*data,J2G,152.55,
*data,J2H,12.9,
*data,J2H,2.67,
*data,J2J,0.27,
*data,J2J,0.28,
*data,J2J,0.33,
*data,J2J,5.75,
*data,J2K,47.69,
*data,J2N,93.47,
*data,J2S,77,
*data,J2T,10.9,
*data,J2W,52.72,
*data,J2X,61.24,
*data,J2Y,69.65,
*data,J3A,3.04,
*data,J3B,46.52,
*data,J3E,40.03,
*data,J3G,5.58,
*data,J3G,81.23,
*data,J3H,33.07,
*data,J3L,175.32,
*data,J3M,62.61,
*data,J3N,36.88,
*data,J3P,3.12,
*data,J3P,4.68,
*data,J3P,5.99,
*data,J3P,60.47,
*data,J3P,7.45,
*data,J3R,14.67,
*data,J3T,103.01,
*data,J3V,43.76,
*data,J3X,0.01,
*data,J3X,0.02,
*data,J3X,0.02,
*data,J3X,0.03,
*data,J3X,0.05,
*data,J3X,0.06,
*data,J3X,0.09,
*data,J3X,0.1,
*data,J3X,0.12,
*data,J3X,0.15,
*data,J3X,0.17,
*data,J3X,0.3,
*data,J3X,0.48,
*data,J3X,3.10E-03,
*data,J3X,3.70E-03,
*data,J3X,5.5,
*data,J3X,85.01,
*data,J3Y,61.23,
*data,J3Z,0.4,
*data,J4B,0.02,
*data,J4B,0.05,
*data,J4B,0.62,
*data,J4B,1.22,
*data,J4B,1.22,
*data,J4B,1.54,
*data,J4B,2.09,
*data,J4B,2.40E-03,
*data,J4B,2.57,
*data,J4B,6.50E-03,
*data,J4B,62.32,
*data,J4B,8.20E-03,
*data,J4G,0.25,
*data,J4G,0.85,
*data,J4G,9.03,
*data,J4H,4.34,
*data,J4J,8.71,
*data,J4K,5.81,
*data,J4L,7.31,
*data,J4M,7.06,
*data,J4N,0.69,
*data,J4P,0.01,
*data,J4P,0.02,
*data,J4P,3.26,
*data,J4R,0.01,
*data,J4R,0.02,
*data,J4R,0.07,
*data,J4R,0.08,
*data,J4R,2.73,
*data,J4R,4.90E-03,
*data,J4S,0.03,
*data,J4S,0.09,
*data,J4S,2.1,
*data,J4S,7.00E-04,
*data,J4S,8.00E-03,
*data,J4T,4.26,
*data,J4V,4.79,
*data,J4W,0.01,
*data,J4W,0.01,
*data,J4W,0.07,
*data,J4W,0.21,
*data,J4W,5.79,
*data,J4X,0.01,
*data,J4X,0.02,
*data,J4X,0.14,
*data,J4X,1.00E-03,
*data,J4X,5.25,
*data,J4Y,18.19,
*data,J4Z,15.79,
*data,J5A,95.82,
*data,J5R,0.28,
*data,J5R,60.59,
*data,J5V,62.14,
*data,J5W,8.33,
*data,J5W,94.54,
*data,J5X,90.18,
*data,J5Y,9.58,
*data,J5Z,39.75,
*data,J6A,0.02,
*data,J6A,0.06,
*data,J6A,0.07,
*data,J6A,0.11,
*data,J6A,0.21,
*data,J6A,0.41,
*data,J6A,0.55,
*data,J6A,14.02,
*data,J6A,3.00E-03,
*data,J6A,3.70E-03,
*data,J6A,4.60E-03,
*data,J6A,5.40E-03,
*data,J6A,7.60E-03,
*data,J6E,74.28,
*data,J6J,0.81,
*data,J6J,18.31,
*data,J6J,2.2,
*data,J6J,4.00E-03,
*data,J6J,5.07,
*data,J6K,11.23,
*data,J6K,5.00E-04,
*data,J6K,5.90E-03,
*data,J6K,9.67,
*data,J6N,0.02,
*data,J6N,0.02,
*data,J6N,0.09,
*data,J6N,0.09,
*data,J6N,0.12,
*data,J6N,0.23,
*data,J6N,0.47,
*data,J6N,5.30E-03,
*data,J6N,58.4,
*data,J6R,46.65,
*data,J6S,0.01,
*data,J6S,0.12,
*data,J6S,0.13,
*data,J6S,0.41,
*data,J6S,0.45,
*data,J6S,22.82,
*data,J6S,61.48,
*data,J6T,0.13,
*data,J6T,22.69,
*data,J6V,28.3,
*data,J6W,19.03,
*data,J6X,41.23,
*data,J6Y,11.09,
*data,J6Y,15.36,
*data,J6Z,0.01,
*data,J6Z,0.16,
*data,J6Z,10.12,
*data,J7A,0.02,
*data,J7A,0.02,
*data,J7A,0.02,
*data,J7A,0.09,
*data,J7A,0.11,
*data,J7A,0.19,
*data,J7A,10.3,
*data,J7B,7,
*data,J7C,34.76,
*data,J7E,0.01,
*data,J7E,0.04,
*data,J7E,1.47,
*data,J7E,10.81,
*data,J7E,23.13,
*data,J7G,0.01,
*data,J7G,0.01,
*data,J7G,0.13,
*data,J7G,0.17,
*data,J7G,0.2,
*data,J7G,5.30E-03,
*data,J7G,6.50E-03,
*data,J7G,8.98,
*data,J7H,6.29,
*data,J7J,40.76,
*data,J7K,94.02,
*data,J7L,13.35,
*data,J7N,2.23,
*data,J7N,78.47,
*data,J7P,0.02,
*data,J7P,0.03,
*data,J7P,0.04,
*data,J7P,0.06,
*data,J7P,14.88,
*data,J7R,60.82,
*data,J7T,0.02,
*data,J7T,0.03,
*data,J7T,0.04,
*data,J7T,0.06,
*data,J7T,0.06,
*data,J7T,0.16,
*data,J7T,0.18,
*data,J7T,0.28,
*data,J7T,144.82,
*data,J7V,0.01,
*data,J7V,0.02,
*data,J7V,0.02,
*data,J7V,0.02,
*data,J7V,0.02,
*data,J7V,0.03,
*data,J7V,0.04,
*data,J7V,0.22,
*data,J7V,0.32,
*data,J7V,0.39,
*data,J7V,0.58,
*data,J7V,0.78,
*data,J7V,2.40E-03,
*data,J7V,4.30E-03,
*data,J7V,42.22,
*data,J7V,58.63,
*data,J7V,8.70E-03,
*data,J7V,9.20E-03,
*data,J7X,12.32,
*data,J7Y,25.14,
*data,J7Z,49.28,
*data,J7Z,8.23,
*data,J8C,208.05,
*data,J8G,252.64,
*data,J8H,115.29,
*data,J8H,127.27,
*data,J8L,637.85,
*data,J8M,65.97,
*data,J8N,477.63,
*data,J8P,36.91,
*data,J8R,87.12,
*data,J8T,17.94,
*data,J8T,8.98,
*data,J8V,134.96,
*data,J8V,3.2,
*data,J8V,4.82,
*data,J8X,8.98,
*data,J8Y,7.77,
*data,J8Z,1.78,
*data,J8Z,9.36,
*data,J9A,12.53,
*data,J9E,612.97,
*data,J9H,0.31,
*data,J9H,145.02,
*data,J9J,18.93,
*data,J9L,633.4,
*data,J9P,1463.95,
*data,J9T,577.11,
*data,J9X,1456.84,
*data,J9Z,153.05,
*data,K0A,1469.84,
*data,K0A,2136.57,
*data,K0A,97.64,
*data,K0B,1219.4,
*data,K0C,0.01,
*data,K0C,0.01,
*data,K0C,0.02,
*data,K0C,0.02,
*data,K0C,0.06,
*data,K0C,0.06,
*data,K0C,0.07,
*data,K0C,0.08,
*data,K0C,0.14,
*data,K0C,0.14,
*data,K0C,0.14,
*data,K0C,0.15,
*data,K0C,0.17,
*data,K0C,0.39,
*data,K0C,0.52,
*data,K0C,0.6,
*data,K0C,1.61,
*data,K0C,1.98,
*data,K0C,2.55,
*data,K0C,2382.54,
*data,K0C,4.80E-03,
*data,K0C,9.11,
*data,K0E,1.2,
*data,K0E,1104.28,
*data,K0E,3.89,
*data,K0E,7.21,
*data,K0E,933.93,
*data,K0G,1717.36,
*data,K0G,839.97,
*data,K0H,1.74,
*data,K0H,129.88,
*data,K0H,5.06,
*data,K0H,5892.33,
*data,K0H,73.6,
*data,K0J,10967.57,
*data,K0K,1.79,
*data,K0K,2.11,
*data,K0K,3.93,
*data,K0K,5.71,
*data,K0K,5989.66,
*data,K0K,6.19,
*data,K0L,10.49,
*data,K0L,178.38,
*data,K0L,5.43,
*data,K0L,7068.87,
*data,K0M,5489.68,
*data,K1B,1.18,
*data,K1B,2.42,
*data,K1B,3.73,
*data,K1C,35.65,
*data,K1E,7.37,
*data,K1G,18.93,
*data,K1H,7.2,
*data,K1J,15.5,
*data,K1K,14.25,
*data,K1L,3.07,
*data,K1M,5.31,
*data,K1N,4.82,
*data,K1R,4.76,
*data,K1S,6.95,
*data,K1T,16.42,
*data,K1V,37.21,
*data,K1W,10.01,
*data,K1W,3.80E-03,
*data,K1X,74.29,
*data,K1Y,6.85,
*data,K1Z,8.67,
*data,K2A,6.13,
*data,K2B,10.87,
*data,K2C,4.83,
*data,K2C,7.92,
*data,K2E,2.88,
*data,K2E,5.13,
*data,K2G,20.55,
*data,K2G,26.55,
*data,K2H,11.16,
*data,K2H,27.69,
*data,K2J,17.21,
*data,K2K,47.98,
*data,K2L,9.61,
*data,K2M,6.59,
*data,K2P,1.33,
*data,K2R,60.43,
*data,K2S,150.46,
*data,K2T,0.88,
*data,K2W,15.8,
*data,K4A,6.17,
*data,K4B,74.99,
*data,K4C,50.44,
*data,K4K,47.32,
*data,K4M,90.55,
*data,K4P,84.02,
*data,K4R,99.63,
*data,K6A,92.08,
*data,K6H,24.34,
*data,K6H,6.72,
*data,K6J,26.6,
*data,K6K,28.76,
*data,K6T,49.41,
*data,K6V,12.53,
*data,K6V,190.97,
*data,K7A,377.38,
*data,K7C,187.82,
*data,K7G,132.25,
*data,K7G,2.61,
*data,K7G,37.77,
*data,K7H,623.69,
*data,K7K,0.01,
*data,K7K,26.38,
*data,K7L,0.04,
*data,K7L,10.96,
*data,K7L,104.55,
*data,K7L,4.58,
*data,K7M,1.2,
*data,K7M,75.22,
*data,K7N,6.26,
*data,K7P,8.35,
*data,K7R,348.7,
*data,K7S,201.56,
*data,K7V,505.74,
*data,K8A,688.46,
*data,K8B,13.05,
*data,K8H,170.02,
*data,K8N,0.09,
*data,K8N,163.1,
*data,K8N,59.52,
*data,K8P,18.2,
*data,K8R,8.42,
*data,K8V,157.87,
*data,K9A,158.17,
*data,K9A,2.10E-03,
*data,K9H,17.65,
*data,K9J,366.64,
*data,K9J,70.3,
*data,K9K,4.75,
*data,K9L,18.03,
*data,K9L,8.33,
*data,K9V,263.45,
*data,L0A,725.6,
*data,L0B,134.85,
*data,L0B,369.47,
*data,L0B,82.44,
*data,L0C,338.92,
*data,L0C,36.58,
*data,L0E,685.64,
*data,L0G,263.71,
*data,L0G,451.41,
*data,L0H,30.2,
*data,L0H,50.76,
*data,L0J,48.34,
*data,L0K,1.1,
*data,L0K,1.95,
*data,L0K,10.72,
*data,L0K,1032.22,
*data,L0K,4.67,
*data,L0K,40.49,
*data,L0K,8.68,
*data,L0K,935.93,
*data,L0L,1104.87,
*data,L0L,528.29,
*data,L0M,916.62,
*data,L0N,1443.88,
*data,L0P,151.19,
*data,L0P,33.68,
*data,L0P,48,
*data,L0P,57.52,
*data,L0P,66.24,
*data,L0R,410.23,
*data,L0R,783.2,
*data,L0S,135.07,
*data,L0S,147.87,
*data,L0S,162.85,
*data,L0S,168.57,
*data,L1A,165.16,
*data,L1A,17.2,
*data,L1B,39.58,
*data,L1C,189.37,
*data,L1C,3.70E-03,
*data,L1C,7.00E-03,
*data,L1E,27.78,
*data,L1G,20.72,
*data,L1H,17.37,
*data,L1H,76.46,
*data,L1J,23,
*data,L1K,0.24,
*data,L1K,0.55,
*data,L1K,6.80E-03,
*data,L1K,7,
*data,L1L,0.25,
*data,L1N,39.13,
*data,L1P,6.07,
*data,L1P,9.90E-03,
*data,L1R,8.95,
*data,L1S,15.95,
*data,L1S,25.82,
*data,L1T,14.21,
*data,L1V,57.67,
*data,L1W,17.94,
*data,L1X,7.64,
*data,L1Y,78.83,
*data,L1Z,11.51,
*data,L2A,47.16,
*data,L2E,1.29,
*data,L2E,142.52,
*data,L2G,0.08,
*data,L2G,17.56,
*data,L2H,9.52,
*data,L2J,7.09,
*data,L2M,16.97,
*data,L2N,14.42,
*data,L2P,11.71,
*data,L2R,0.01,
*data,L2R,43.51,
*data,L2R,7.21,
*data,L2S,11.01,
*data,L2T,11.23,
*data,L2V,36.91,
*data,L2W,0.85,
*data,L3B,112.69,
*data,L3B,12.96,
*data,L3C,25.42,
*data,L3K,91.71,
*data,L3M,68.98,
*data,L3P,79.72,
*data,L3R,2.85,
*data,L3R,26.15,
*data,L3S,11.44,
*data,L3T,24.49,
*data,L3V,460.82,
*data,L3X,3.43,
*data,L3X,8.94,
*data,L3Y,25.05,
*data,L3Y,92.75,
*data,L3Z,146.7,
*data,L4A,114.77,
*data,L4B,15.66,
*data,L4C,25.26,
*data,L4E,51.57,
*data,L4G,49.92,
*data,L4H,4.57,
*data,L4J,17.3,
*data,L4K,48.46,
*data,L4L,104.9,
*data,L4M,16.26,
*data,L4M,35.18,
*data,L4M,39.2,
*data,L4M,46.05,
*data,L4M,5.6,
*data,L4N,60.42,
*data,L4P,1.83,
*data,L4P,86.13,
*data,L4R,18.16,
*data,L4R,33.81,
*data,L4S,3.46,
*data,L4S,5.9,
*data,L4T,69.73,
*data,L4W,20.27,
*data,L4X,8.2,
*data,L4Y,2.05,
*data,L4Y,4.35,
*data,L4Z,9.03,
*data,L5A,8.19,
*data,L5B,10.23,
*data,L5C,12.48,
*data,L5E,7.75,
*data,L5G,7.28,
*data,L5H,11.71,
*data,L5J,17.51,
*data,L5K,6.37,
*data,L5L,18,
*data,L5M,1.82,
*data,L5M,24.29,
*data,L5N,24.78,
*data,L5R,5.55,
*data,L5V,21.87,
*data,L5W,9.4,
*data,L6A,51.58,
*data,L6B,28.77,
*data,L6C,34.6,
*data,L6G,6.27,
*data,L6H,22.52,
*data,L6J,22.65,
*data,L6J,60.21,
*data,L6K,6.03,
*data,L6L,16.91,
*data,L6M,10.19,
*data,L6R,34.89,
*data,L6S,12.79,
*data,L6T,12.46,
*data,L6T,5.72,
*data,L6T,57.66,
*data,L6V,0.01,
*data,L6V,4.70E-03,
*data,L6V,57.22,
*data,L6V,8.48,
*data,L6W,11.78,
*data,L6X,8.35,
*data,L6Y,14.17,
*data,L6Z,12.72,
*data,L7A,3.44,
*data,L7B,101.81,
*data,L7C,3.11,
*data,L7E,111.32,
*data,L7G,162.6,
*data,L7J,128.66,
*data,L7L,14,
*data,L7M,21.52,
*data,L7N,6.47,
*data,L7P,14.49,
*data,L7R,1.46,
*data,L7R,13.24,
*data,L7R,31.38,
*data,L7R,4.8,
*data,L7S,4.05,
*data,L7T,13.11,
*data,L7T,8.70E-03,
*data,L8E,32.88,
*data,L8G,8.78,
*data,L8H,13.66,
*data,L8H,2.19,
*data,L8J,66.72,
*data,L8K,12.16,
*data,L8L,12.83,
*data,L8M,3.29,
*data,L8N,1.80E-03,
*data,L8N,1.86,
*data,L8P,5.76,
*data,L8R,0.41,
*data,L8R,3.83,
*data,L8S,7.04,
*data,L8T,6.11,
*data,L8V,5.51,
*data,L8W,11.74,
*data,L9A,6.84,
*data,L9B,8.03,
*data,L9C,12.95,
*data,L9G,63.73,
*data,L9H,75.1,
*data,L9K,2.03,
*data,L9K,5.58,
*data,L9L,187.84,
*data,L9M,181.38,
*data,L9M,8.04,
*data,L9N,27.85,
*data,L9P,306.16,
*data,L9R,114.37,
*data,L9R,19.69,
*data,L9T,179.91,
*data,L9V,0.3,
*data,L9W,471.71,
*data,L9Y,135.16,
*data,M1B,10.1,
*data,M1B,4.98,
*data,M1C,14.21,
*data,M1E,12.97,
*data,M1E,2.86,
*data,M1G,11.33,
*data,M1H,1.70E-03,
*data,M1H,3.46,
*data,M1H,4.20E-03,
*data,M1J,6.01,
*data,M1K,8.58,
*data,M1L,8.19,
*data,M1M,9.42,
*data,M1N,5.95,
*data,M1P,9.47,
*data,M1R,10.35,
*data,M1S,13.3,
*data,M1T,6.78,
*data,M1V,14.23,
*data,M1W,9.23,
*data,M1X,27.49,
*data,M2H,6.41,
*data,M2J,10.25,
*data,M2K,5.72,
*data,M2L,0.04,
*data,M2L,2.00E-03,
*data,M2L,2.12,
*data,M2L,3.19,
*data,M2M,8.01,
*data,M2N,9.57,
*data,M2P,2.75,
*data,M2R,6.91,
*data,M3A,8.51,
*data,M3B,5.79,
*data,M3C,10.65,
*data,M3H,11.32,
*data,M3J,4.10E-03,
*data,M3J,4.90E-03,
*data,M3J,5.59,
*data,M3K,6.29,
*data,M3L,5.87,
*data,M3M,12.38,
*data,M3N,6.61,
*data,M4A,4.5,
*data,M4A,7.00E-03,
*data,M4B,4.64,
*data,M4C,5.3,
*data,M4E,3.57,
*data,M4G,4.79,
*data,M4H,3.08,
*data,M4J,5.46,
*data,M4K,4.44,
*data,M4L,4.6,
*data,M4M,4.90E-03,
*data,M4M,8.41,
*data,M4N,2.80E-03,
*data,M4N,5.24,
*data,M4P,1.44,
*data,M4R,1.92,
*data,M4S,3.05,
*data,M4T,1.67,
*data,M4V,2.65,
*data,M4W,3.01,
*data,M4X,1.12,
*data,M4X,5.00E-04,
*data,M4Y,1.31,
*data,M5A,3.72,
*data,M5B,0.6,
*data,M5C,0.28,
*data,M5E,0.35,
*data,M5E,1.10E-03,
*data,M5G,0.67,
*data,M5J,0.02,
*data,M5J,0.02,
*data,M5J,0.03,
*data,M5J,0.04,
*data,M5J,0.08,
*data,M5J,0.14,
*data,M5J,0.15,
*data,M5J,0.28,
*data,M5J,0.44,
*data,M5J,0.47,
*data,M5J,2.55,
*data,M5J,4.70E-03,
*data,M5M,5.72,
*data,M5N,2.62,
*data,M5P,3.15,
*data,M5R,2.78,
*data,M5S,1.70E-03,
*data,M5S,1.75,
*data,M5S,2.00E-04,
*data,M5T,1.5,
*data,M5V,0.01,
*data,M5V,0.06,
*data,M5V,0.08,
*data,M5V,4.31,
*data,M6A,5.37,
*data,M6B,4.95,
*data,M6C,3.39,
*data,M6E,5.14,
*data,M6G,1.60E-03,
*data,M6G,3.73,
*data,M6H,5.24,
*data,M6J,3.14,
*data,M6K,2.24,
*data,M6L,4.61,
*data,M6M,8.25,
*data,M6N,8.71,
*data,M6P,3.84,
*data,M6R,2.34,
*data,M6S,8.63,
*data,M8V,3.00E-03,
*data,M8V,5.00E-04,
*data,M8V,5.81,
*data,M8W,6.76,
*data,M8X,2.10E-03,
*data,M8X,2.63,
*data,M8Y,6.05,
*data,M8Z,8.44,
*data,M9A,10.71,
*data,M9B,16.46,
*data,M9C,11.2,
*data,M9L,7.83,
*data,M9M,6.43,
*data,M9N,4.93,
*data,M9P,6.52,
*data,M9R,6.61,
*data,M9V,15.86,
*data,M9W,27.91,
*data,N0A,69.01,
*data,N0A,913.1,
*data,N0B,111.58,
*data,N0B,112.9,
*data,N0B,1368.14,
*data,N0B,160.11,
*data,N0B,169.22,
*data,N0B,38.2,
*data,N0B,73.78,
*data,N0C,1431.21,
*data,N0E,0.78,
*data,N0E,0.86,
*data,N0E,1.04,
*data,N0E,1.53,
*data,N0E,695.82,
*data,N0E,732.31,
*data,N0E,80.48,
*data,N0G,5488.47,
*data,N0H,0.38,
*data,N0H,0.42,
*data,N0H,0.65,
*data,N0H,0.67,
*data,N0H,0.72,
*data,N0H,0.73,
*data,N0H,1.06,
*data,N0H,1.12,
*data,N0H,1.37,
*data,N0H,1.5,
*data,N0H,1.8,
*data,N0H,1.83,
*data,N0H,1.91,
*data,N0H,12.46,
*data,N0H,130.54,
*data,N0H,2.09,
*data,N0H,2.17,
*data,N0H,2.27,
*data,N0H,2.53,
*data,N0H,307.02,
*data,N0H,3152.8,
*data,N0H,4.84,
*data,N0H,6.24,
*data,N0H,6.25,
*data,N0H,7.3,
*data,N0H,7.96,
*data,N0H,72.97,
*data,N0J,212.64,
*data,N0J,266.48,
*data,N0J,3.32,
*data,N0J,420.52,
*data,N0J,570.95,
*data,N0K,1576.56,
*data,N0L,1786.81,
*data,N0L,376.62,
*data,N0L,67.83,
*data,N0M,3715.08,
*data,N0N,0.01,
*data,N0N,0.09,
*data,N0N,0.14,
*data,N0N,0.8,
*data,N0N,1477.93,
*data,N0P,164.84,
*data,N0P,2.08,
*data,N0P,2527.91,
*data,N0R,1.41,
*data,N0R,170.18,
*data,N0R,44.6,
*data,N0R,573.8,
*data,N1A,301.19,
*data,N1C,3.54,
*data,N1E,22.65,
*data,N1G,19.43,
*data,N1H,302.49,
*data,N1K,2.41,
*data,N1L,16.15,
*data,N1M,133.32,
*data,N1P,0.48,
*data,N1R,202.99,
*data,N1R,4.00E-03,
*data,N1S,9.87,
*data,N1T,11.72,
*data,N2A,13.93,
*data,N2B,7.69,
*data,N2C,6.03,
*data,N2E,7.61,
*data,N2G,12.18,
*data,N2G,5.18,
*data,N2H,11.66,
*data,N2J,46.64,
*data,N2J,7.43,
*data,N2K,21.26,
*data,N2L,18.51,
*data,N2M,10.5,
*data,N2N,10.28,
*data,N2P,14.74,
*data,N2R,32.89,
*data,N2T,8.94,
*data,N2V,1.72,
*data,N2Z,2.83,
*data,N2Z,248.37,
*data,N2Z,5.87,
*data,N3B,69.68,
*data,N3C,21.47,
*data,N3C,8.57,
*data,N3H,48.26,
*data,N3L,31.84,
*data,N3L,82.43,
*data,N3P,2.72,
*data,N3R,24.86,
*data,N3S,16.44,
*data,N3T,346.11,
*data,N3V,0.54,
*data,N3W,249.82,
*data,N3Y,0.03,
*data,N3Y,261.45,
*data,N4B,130.24,
*data,N4B,6.65,
*data,N4G,238.64,
*data,N4K,342.06,
*data,N4L,243.35,
*data,N4N,203.86,
*data,N4S,310.61,
*data,N4T,4.55,
*data,N4V,0.7,
*data,N4W,339.05,
*data,N4X,285.15,
*data,N4Z,0.24,
*data,N4Z,1.68,
*data,N5A,265.46,
*data,N5C,11.56,
*data,N5C,127.22,
*data,N5H,363.14,
*data,N5L,70.43,
*data,N5P,282.76,
*data,N5R,23.17,
*data,N5V,41.95,
*data,N5W,13.84,
*data,N5X,13.24,
*data,N5Y,13.18,
*data,N5Z,10.51,
*data,N6A,5.95,
*data,N6B,3.21,
*data,N6C,13.81,
*data,N6E,15.54,
*data,N6G,14.14,
*data,N6H,78.14,
*data,N6J,2.80E-03,
*data,N6J,9.96,
*data,N6K,35.98,
*data,N6L,35.18,
*data,N6M,76.99,
*data,N6N,52.98,
*data,N6P,10.31,
*data,N6P,11.97,
*data,N7A,302.83,
*data,N7G,293.69,
*data,N7L,20.01,
*data,N7M,369.48,
*data,N7S,16.59,
*data,N7T,134.55,
*data,N7T,2.50E-03,
*data,N7T,8.27,
*data,N7V,9.29,
*data,N7W,14.15,
*data,N7X,2.99,
*data,N8A,453.91,
*data,N8H,155.5,
*data,N8M,48.59,
*data,N8M,80.94,
*data,N8N,67.72,
*data,N8P,0.37,
*data,N8P,3.77,
*data,N8R,5.58,
*data,N8S,10.8,
*data,N8T,11.35,
*data,N8W,18.34,
*data,N8X,8.85,
*data,N8Y,7.37,
*data,N9A,15.01,
*data,N9A,6.3,
*data,N9B,5.15,
*data,N9C,17.53,
*data,N9E,15.4,
*data,N9G,9.9,
*data,N9H,9.67,
*data,N9J,38.18,
*data,N9J,6.62,
*data,N9K,2.73,
*data,N9V,0.53,
*data,N9V,136.97,
*data,N9V,3.39,
*data,N9Y,89.67,
*data,P0A,1279.09,
*data,P0A,4476.24,
*data,P0B,819.67,
*data,P0C,0.91,
*data,P0C,0.93,
*data,P0C,1.49,
*data,P0C,2.57,
*data,P0C,340.19,
*data,P0C,679.44,
*data,P0E,0.73,
*data,P0E,1.01,
*data,P0E,1.22,
*data,P0E,1.65,
*data,P0E,1.7,
*data,P0E,11.46,
*data,P0E,2.4,
*data,P0E,29.8,
*data,P0E,334.28,
*data,P0E,4.23,
*data,P0E,6.09,
*data,P0E,6.4,
*data,P0G,0.76,
*data,P0G,0.9,
*data,P0G,0.96,
*data,P0G,1.08,
*data,P0G,1.11,
*data,P0G,1.16,
*data,P0G,1.18,
*data,P0G,1.2,
*data,P0G,1.33,
*data,P0G,1.52,
*data,P0G,1.66,
*data,P0G,1.68,
*data,P0G,1.72,
*data,P0G,1.82,
*data,P0G,10.62,
*data,P0G,1677.69,
*data,P0G,2.26,
*data,P0G,2.98,
*data,P0G,3.5,
*data,P0G,31.94,
*data,P0G,8.08,
*data,P0H,16172.26,
*data,P0H,4.03,
*data,P0J,10194.13,
*data,P0K,12007.15,
*data,P0L,255015,
*data,P0M,0.53,
*data,P0M,1.34,
*data,P0M,1.83,
*data,P0M,1.83,
*data,P0M,162.09,
*data,P0M,2.61,
*data,P0M,3.08,
*data,P0M,5.05,
*data,P0M,620.76,
*data,P0M,66021.17,
*data,P0M,7.21,
*data,P0M,9.94,
*data,P0N,1313.01,
*data,P0P,0.44,
*data,P0P,0.62,
*data,P0P,0.8,
*data,P0P,0.81,
*data,P0P,0.96,
*data,P0P,0.98,
*data,P0P,1.1,
*data,P0P,1.21,
*data,P0P,1.29,
*data,P0P,1.52,
*data,P0P,1.53,
*data,P0P,1.63,
*data,P0P,1.8,
*data,P0P,1.85,
*data,P0P,1.89,
*data,P0P,1.9,
*data,P0P,11.34,
*data,P0P,11.99,
*data,P0P,12.95,
*data,P0P,15.18,
*data,P0P,170.85,
*data,P0P,2.65,
*data,P0P,2.67,
*data,P0P,2.94,
*data,P0P,2.97,
*data,P0P,22.26,
*data,P0P,2813.64,
*data,P0P,3.04,
*data,P0P,3.16,
*data,P0P,3.17,
*data,P0P,3.63,
*data,P0P,4.31,
*data,P0P,4.43,
*data,P0P,4.69,
*data,P0P,5.22,
*data,P0P,5.4,
*data,P0P,5.43,
*data,P0P,58.09,
*data,P0P,6.38,
*data,P0P,6602.14,
*data,P0P,7.25,
*data,P0P,7.7,
*data,P0P,77.25,
*data,P0P,81.98,
*data,P0R,1.15,
*data,P0R,1.16,
*data,P0R,1.23,
*data,P0R,1.27,
*data,P0R,1.43,
*data,P0R,1.49,
*data,P0R,1.52,
*data,P0R,1.59,
*data,P0R,1.69,
*data,P0R,1.78,
*data,P0R,1.79,
*data,P0R,2.33,
*data,P0R,2.68,
*data,P0R,3.4,
*data,P0R,347.7,
*data,P0R,4.44,
*data,P0R,8667.16,
*data,P0R,9.12,
*data,P0S,0.01,
*data,P0S,0.03,
*data,P0S,0.08,
*data,P0S,0.66,
*data,P0S,0.9,
*data,P0S,1.19,
*data,P0S,1.52,
*data,P0S,1.73,
*data,P0S,1.79,
*data,P0S,11.68,
*data,P0S,13885.93,
*data,P0S,2.3,
*data,P0S,25.37,
*data,P0S,3.00E-03,
*data,P0S,6.03,
*data,P0S,7.90E-03,
*data,P0S,8.36,
*data,P0T,0.4,
*data,P0T,1.10E-03,
*data,P0T,1.26,
*data,P0T,10.15,
*data,P0T,11.07,
*data,P0T,12.12,
*data,P0T,12.12,
*data,P0T,132420.45,
*data,P0T,16.99,
*data,P0T,17.29,
*data,P0T,18.21,
*data,P0T,184.31,
*data,P0T,2.20E-03,
*data,P0T,253.05,
*data,P0T,28.51,
*data,P0T,43.07,
*data,P0T,78.86,
*data,P0T,80.74,
*data,P0T,9.9,
*data,P0V,176.98,
*data,P0V,270237.26,
*data,P0V,3284.01,
*data,P0W,18939.46,
*data,P0X,15377.39,
*data,P0Y,91.01,
*data,P1A,40.78,
*data,P1A,8.8,
*data,P1B,551.51,
*data,P1C,7,
*data,P1H,975.41,
*data,P1L,709.12,
*data,P1P,405.67,
*data,P2A,0.21,
*data,P2A,4,
*data,P2A,76.13,
*data,P2A,863.59,
*data,P2N,9.44,
*data,P3A,35.79,
*data,P3B,25.12,
*data,P3C,10.72,
*data,P3E,1.03,
*data,P3E,1.22,
*data,P3E,1.39,
*data,P3E,1.63,
*data,P3E,1.72,
*data,P3E,1.79,
*data,P3E,1019.41,
*data,P3E,2.51,
*data,P3E,2.91,
*data,P3E,4.56,
*data,P3E,4.93,
*data,P3E,41.19,
*data,P3E,43.3,
*data,P3E,5.22,
*data,P3E,61.7,
*data,P3G,1000.23,
*data,P3L,130.74,
*data,P3N,32.19,
*data,P3P,536.39,
*data,P3Y,127.98,
*data,P4N,2316.35,
*data,P4P,10.09,
*data,P4R,0.34,
*data,P5A,845.5,
*data,P5E,185.45,
*data,P5N,1770.29,
*data,P6A,0.01,
*data,P6A,0.12,
*data,P6A,0.17,
*data,P6A,0.21,
*data,P6A,462.22,
*data,P6A,8.60E-03,
*data,P6B,20.75,
*data,P6C,35.68,
*data,P7A,24.06,
*data,P7A,4.50E-03,
*data,P7B,8599.73,
*data,P7C,0.01,
*data,P7C,0.3,
*data,P7C,0.47,
*data,P7C,1058.16,
*data,P7C,2.53,
*data,P7C,3.36,
*data,P7C,3.40E-03,
*data,P7C,41.64,
*data,P7E,13.49,
*data,P7G,0.82,
*data,P7J,10.85,
*data,P8N,2318.2,
*data,P8T,2699.39,
*data,P9A,0.07,
*data,P9A,10.13,
*data,P9A,1332.91,
*data,P9A,3.36,
*data,P9A,458.4,
*data,P9A,66.76,
*data,P9A,73.97,
*data,P9N,2479.13,
*data,R0A,9217.29,
*data,R0B,15.62,
*data,R0B,25.1,
*data,R0B,432605.72,
*data,R0B,45.34,
*data,R0B,7.65,
*data,R0B,9.07,
*data,R0C,1581.77,
*data,R0C,40460.36,
*data,R0E,28018.36,
*data,R0G,106.06,
*data,R0G,10672.44,
*data,R0G,28.18,
*data,R0H,1307.31,
*data,R0H,261.13,
*data,R0H,3637.13,
*data,R0H,42.01,
*data,R0J,14367.4,
*data,R0K,11551.68,
*data,R0L,51367.92,
*data,R0M,11417.23,
*data,R1A,373.25,
*data,R1N,1372.6,
*data,R2C,226.34,
*data,R2E,42.81,
*data,R2G,1.30E-03,
*data,R2G,14.43,
*data,R2H,5.87,
*data,R2J,30.68,
*data,R2K,10.46,
*data,R2L,4.4,
*data,R2M,15.82,
*data,R2N,12.64,
*data,R2P,22.19,
*data,R2R,16.83,
*data,R2V,13.27,
*data,R2W,7.58,
*data,R2X,9.35,
*data,R2Y,11.29,
*data,R3A,1.43,
*data,R3B,1.15,
*data,R3B,1.38,
*data,R3C,2.73,
*data,R3C,202.83,
*data,R3C,35.17,
*data,R3E,6.88,
*data,R3G,6.66,
*data,R3H,3.05,
*data,R3J,15.17,
*data,R3K,5.87,
*data,R3L,5.65,
*data,R3M,6.62,
*data,R3N,8.69,
*data,R3P,19.03,
*data,R3R,15.19,
*data,R3S,28.33,
*data,R3T,35.28,
*data,R3V,81.89,
*data,R3W,9.06,
*data,R3X,12.45,
*data,R3Y,9.22,
*data,R4A,87.44,
*data,R4H,53.64,
*data,R4J,55.1,
*data,R4K,138.5,
*data,R4L,208.08,
*data,R5A,47.72,
*data,R5G,0.55,
*data,R5H,423.05,
*data,R6M,12.86,
*data,R6W,405.55,
*data,R7A,1057.92,
*data,R7B,12.24,
*data,R7C,5.13,
*data,R7N,1338.23,
*data,R8A,13017.72,
*data,R8N,4480.75,
*data,R9A,9501,
*data,S0A,1,
*data,S0A,35274.33,
*data,S0A,60.01,
*data,S0C,1.34,
*data,S0C,10384.46,
*data,S0C,21.09,
*data,S0C,8177.87,
*data,S0E,200.62,
*data,S0E,31669.1,
*data,S0G,1.63,
*data,S0G,189.71,
*data,S0G,37144.55,
*data,S0H,0.34,
*data,S0H,0.67,
*data,S0H,0.7,
*data,S0H,2.02,
*data,S0H,2.7,
*data,S0H,31618.81,
*data,S0J,254720.04,
*data,S0J,5.44,
*data,S0K,0.66,
*data,S0K,32742.85,
*data,S0L,30140.49,
*data,S0M,106714,
*data,S0N,0.67,
*data,S0N,36945.75,
*data,S0P,1.37,
*data,S0P,16308.4,
*data,S3N,1061.26,
*data,S4A,1979.34,
*data,S4H,2375.2,
*data,S4L,91.62,
*data,S4N,15.12,
*data,S4P,1166.41,
*data,S4P,3.02,
*data,S4R,25.67,
*data,S4S,18.05,
*data,S4T,23.77,
*data,S4V,12,
*data,S4X,9.54,
*data,S4Y,2.73,
*data,S4Z,1.44,
*data,S6H,2.3,
*data,S6H,2528.63,
*data,S6J,3.16,
*data,S6K,0.61,
*data,S6V,0.14,
*data,S6V,2248.52,
*data,S6X,0.76,
*data,S7H,13.56,
*data,S7J,21.7,
*data,S7K,1972.46,
*data,S7K,2.31,
*data,S7L,25.65,
*data,S7M,20.31,
*data,S7N,21.86,
*data,S7S,8.55,
*data,S7T,36,
*data,S7V,2.61,
*data,S9A,1303.8,
*data,S9H,2450.35,
*data,S9V,1972.96,
*data,S9X,44.44,
*data,T0A,0.79,
*data,T0A,31114.85,
*data,T0B,0.23,
*data,T0B,29956.25,
*data,T0C,20005.85,
*data,T0C,29.99,
*data,T0C,32.13,
*data,T0C,6.13,
*data,T0E,0.88,
*data,T0E,2.76,
*data,T0E,31591.48,
*data,T0E,9845.74,
*data,T0G,173.29,
*data,T0G,25.38,
*data,T0G,3.01,
*data,T0G,84732.94,
*data,T0H,183664.04,
*data,T0J,1517.98,
*data,T0J,2.32,
*data,T0J,38009.39,
*data,T0J,541.24,
*data,T0K,29203.12,
*data,T0L,31517.02,
*data,T0M,0.31,
*data,T0M,102.83,
*data,T0M,2.62,
*data,T0M,28256.54,
*data,T0P,87455.38,
*data,T1A,2389.86,
*data,T1B,15.22,
*data,T1C,17.2,
*data,T1G,1056.95,
*data,T1H,39.02,
*data,T1J,348.18,
*data,T1K,70.78,
*data,T1M,728.53,
*data,T1P,1046.79,
*data,T1R,2028.76,
*data,T1V,210.14,
*data,T1V,586.68,
*data,T1X,5.91,
*data,T1Y,14.64,
*data,T2A,17.8,
*data,T2B,16.22,
*data,T2C,42.37,
*data,T2E,50.69,
*data,T2G,15.75,
*data,T2G,4.60E-03,
*data,T2H,5.34,
*data,T2J,260.84,
*data,T2J,33.14,
*data,T2J,6.30E-03,
*data,T2K,12.98,
*data,T2L,6.67,
*data,T2M,179.81,
*data,T2M,295.54,
*data,T2M,6.49,
*data,T2N,9.92,
*data,T2P,101.78,
*data,T2P,2.01,
*data,T2P,487.54,
*data,T2R,1.38,
*data,T2S,7.1,
*data,T2T,8.12,
*data,T2V,20.34,
*data,T2W,17.65,
*data,T2X,16.36,
*data,T2Y,16.53,
*data,T2Z,52.74,
*data,T3A,15.61,
*data,T3A,2.38,
*data,T3B,23.47,
*data,T3C,11.02,
*data,T3C,81.52,
*data,T3E,174.09,
*data,T3E,21.4,
*data,T3G,20.65,
*data,T3H,10.45,
*data,T3J,21.16,
*data,T3K,34.51,
*data,T3L,12.08,
*data,T3Z,1.86,
*data,T4A,5.44,
*data,T4B,447.33,
*data,T4E,0.14,
*data,T4E,0.25,
*data,T4E,0.28,
*data,T4E,0.55,
*data,T4G,1422.72,
*data,T4H,838.68,
*data,T4J,1363.5,
*data,T4L,0.79,
*data,T4L,13.03,
*data,T4N,901.81,
*data,T4P,14.74,
*data,T4P,3.46,
*data,T4R,15.02,
*data,T4S,0.12,
*data,T4S,0.15,
*data,T4S,0.16,
*data,T4S,0.32,
*data,T4S,0.52,
*data,T4S,0.55,
*data,T4S,0.72,
*data,T4S,0.95,
*data,T4S,0.96,
*data,T4S,75.83,
*data,T4S,9.25,
*data,T4V,829.63,
*data,T4X,7.42,
*data,T5A,13.18,
*data,T5B,7.79,
*data,T5B,72.37,
*data,T5C,5.85,
*data,T5E,12.48,
*data,T5E,176.05,
*data,T5G,9.21,
*data,T5H,7.47,
*data,T5J,0.18,
*data,T5J,0.85,
*data,T5J,2.60E-03,
*data,T5J,2.60E-03,
*data,T5K,4.76,
*data,T5L,23.93,
*data,T5M,12.04,
*data,T5N,6.3,
*data,T5P,7.04,
*data,T5R,13.17,
*data,T5S,41.43,
*data,T5T,50.03,
*data,T5W,11.5,
*data,T5X,19.76,
*data,T5Y,43.47,
*data,T5Z,15.42,
*data,T6A,9.18,
*data,T6B,21.7,
*data,T6C,8.45,
*data,T6E,7.52,
*data,T6G,8.6,
*data,T6H,17.8,
*data,T6H,177.54,
*data,T6J,23.36,
*data,T6K,10.43,
*data,T6L,18.21,
*data,T6M,22.73,
*data,T6N,10.27,
*data,T6P,6.87,
*data,T6R,12.64,
*data,T6S,18.72,
*data,T6T,12.73,
*data,T6V,11.16,
*data,T6W,55.92,
*data,T6X,51.86,
*data,T7A,1830.34,
*data,T7E,11587.84,
*data,T7N,1595.78,
*data,T7S,5635.92,
*data,T7V,3825.14,
*data,T7X,351.81,
*data,T7Y,174.54,
*data,T7Z,529.04,
*data,T8A,131.29,
*data,T8A,73.87,
*data,T8B,104.3,
*data,T8C,120.31,
*data,T8E,0.46,
*data,T8E,174.98,
*data,T8E,52,
*data,T8G,148.91,
*data,T8G,153.69,
*data,T8H,0.54,
*data,T8H,1.28,
*data,T8H,2.5,
*data,T8L,674.07,
*data,T8N,337.22,
*data,T8R,560.73,
*data,T8S,703.51,
*data,T8V,689.2,
*data,T8W,1.02,
*data,T8W,11.55,
*data,T8X,1.41,
*data,T9A,888.69,
*data,T9C,739.29,
*data,T9E,524.36,
*data,T9H,0.59,
*data,T9H,0.89,
*data,T9H,2.93,
*data,T9H,22.16,
*data,T9H,9.29,
*data,T9J,3.59,
*data,T9K,31.63,
*data,T9N,1489.75,
*data,T9S,2448.6,
*data,T9V,10.45,
*data,T9W,930.1,
*data,T9X,1130.44,
*data,V0A,11405.95,
*data,V0B,17.93,
*data,V0B,17566.79,
*data,V0B,4377.39,
*data,V0C,190880.16,
*data,V0C,220.88,
*data,V0C,861.45,
*data,V0E,58488.74,
*data,V0G,15924.53,
*data,V0G,2.51,
*data,V0G,2306.96,
*data,V0H,10065.57,
*data,V0J,1.64,
*data,V0J,216.69,
*data,V0J,288004.25,
*data,V0J,51.78,
*data,V0J,92.45,
*data,V0K,33381.3,
*data,V0K,39.84,
*data,V0K,6447.32,
*data,V0K,764.38,
*data,V0L,1.41,
*data,V0L,10174.75,
*data,V0L,2.33,
*data,V0L,292.84,
*data,V0L,41582.44,
*data,V0M,4638,
*data,V0N,0.01,
*data,V0N,0.06,
*data,V0N,0.08,
*data,V0N,0.09,
*data,V0N,0.14,
*data,V0N,0.14,
*data,V0N,0.15,
*data,V0N,0.21,
*data,V0N,0.22,
*data,V0N,0.33,
*data,V0N,0.36,
*data,V0N,0.49,
*data,V0N,0.5,
*data,V0N,0.52,
*data,V0N,0.56,
*data,V0N,0.58,
*data,V0N,0.59,
*data,V0N,0.6,
*data,V0N,0.61,
*data,V0N,0.61,
*data,V0N,0.61,
*data,V0N,0.61,
*data,V0N,0.64,
*data,V0N,0.67,
*data,V0N,0.69,
*data,V0N,0.73,
*data,V0N,0.75,
*data,V0N,0.75,
*data,V0N,0.76,
*data,V0N,0.77,
*data,V0N,0.77,
*data,V0N,0.77,
*data,V0N,0.79,
*data,V0N,0.79,
*data,V0N,0.79,
*data,V0N,0.8,
*data,V0N,0.82,
*data,V0N,0.82,
*data,V0N,0.83,
*data,V0N,0.84,
*data,V0N,0.84,
*data,V0N,0.85,
*data,V0N,0.85,
*data,V0N,0.86,
*data,V0N,0.86,
*data,V0N,0.86,
*data,V0N,0.88,
*data,V0N,0.89,
*data,V0N,0.9,
*data,V0N,0.94,
*data,V0N,0.97,
*data,V0N,0.97,
*data,V0N,0.98,
*data,V0N,0.99,
*data,V0N,1.06,
*data,V0N,1.06,
*data,V0N,1.1,
*data,V0N,1.15,
*data,V0N,1.17,
*data,V0N,1.2,
*data,V0N,1.33,
*data,V0N,1.41,
*data,V0N,1.46,
*data,V0N,1.48,
*data,V0N,1.53,
*data,V0N,1.69,
*data,V0N,1.74,
*data,V0N,1.76,
*data,V0N,1.78,
*data,V0N,1.8,
*data,V0N,1.81,
*data,V0N,1.84,
*data,V0N,1.86,
*data,V0N,1.89,
*data,V0N,1.94,
*data,V0N,1.95,
*data,V0N,10.14,
*data,V0N,10.77,
*data,V0N,103.64,
*data,V0N,13.17,
*data,V0N,14361.45,
*data,V0N,16.96,
*data,V0N,17652.88,
*data,V0N,2.05,
*data,V0N,2.06,
*data,V0N,2.07,
*data,V0N,2.12,
*data,V0N,2.43,
*data,V0N,2.45,
*data,V0N,2.6,
*data,V0N,2.67,
*data,V0N,2.78,
*data,V0N,2.86,
*data,V0N,226.4,
*data,V0N,23.49,
*data,V0N,27.17,
*data,V0N,3.01,
*data,V0N,3.01,
*data,V0N,3.04,
*data,V0N,3.38,
*data,V0N,3.60E-03,
*data,V0N,31.08,
*data,V0N,311.24,
*data,V0N,32.17,
*data,V0N,330.96,
*data,V0N,35.95,
*data,V0N,39.92,
*data,V0N,4.22,
*data,V0N,4.95,
*data,V0N,44.17,
*data,V0N,45.06,
*data,V0N,5.80E-03,
*data,V0N,50.34,
*data,V0N,58.54,
*data,V0N,58.84,
*data,V0N,6.00E-04,
*data,V0N,6.31,
*data,V0N,6.43,
*data,V0N,69.06,
*data,V0N,7814.58,
*data,V0N,8.2,
*data,V0N,8.34,
*data,V0N,8.61,
*data,V0N,8.65,
*data,V0N,80.16,
*data,V0N,9.11,
*data,V0N,9.14,
*data,V0N,9.39,
*data,V0N,9.61,
*data,V0N,9.62,
*data,V0N,9.73,
*data,V0N,9.86,
*data,V0P,0.27,
*data,V0P,0.34,
*data,V0P,0.37,
*data,V0P,0.4,
*data,V0P,0.43,
*data,V0P,0.45,
*data,V0P,0.45,
*data,V0P,0.47,
*data,V0P,0.47,
*data,V0P,0.52,
*data,V0P,0.54,
*data,V0P,0.58,
*data,V0P,0.6,
*data,V0P,0.62,
*data,V0P,0.63,
*data,V0P,0.64,
*data,V0P,0.64,
*data,V0P,0.66,
*data,V0P,0.66,
*data,V0P,0.66,
*data,V0P,0.67,
*data,V0P,0.69,
*data,V0P,0.7,
*data,V0P,0.72,
*data,V0P,0.75,
*data,V0P,0.77,
*data,V0P,0.81,
*data,V0P,0.82,
*data,V0P,0.82,
*data,V0P,0.86,
*data,V0P,0.87,
*data,V0P,0.89,
*data,V0P,0.9,
*data,V0P,0.98,
*data,V0P,0.99,
*data,V0P,1.05,
*data,V0P,1.06,
*data,V0P,1.1,
*data,V0P,1.11,
*data,V0P,1.13,
*data,V0P,1.15,
*data,V0P,1.26,
*data,V0P,1.36,
*data,V0P,1.66,
*data,V0P,1.73,
*data,V0P,101.34,
*data,V0P,102.25,
*data,V0P,11.23,
*data,V0P,11152.1,
*data,V0P,122.43,
*data,V0P,127.71,
*data,V0P,13.5,
*data,V0P,13.84,
*data,V0P,130.6,
*data,V0P,16.06,
*data,V0P,16.72,
*data,V0P,161.7,
*data,V0P,173.43,
*data,V0P,2.01,
*data,V0P,2.43,
*data,V0P,2.67,
*data,V0P,2.84,
*data,V0P,2.92,
*data,V0P,22.48,
*data,V0P,264.46,
*data,V0P,28.38,
*data,V0P,3.36,
*data,V0P,3.75,
*data,V0P,3.84,
*data,V0P,31.85,
*data,V0P,380.79,
*data,V0P,39.69,
*data,V0P,4.47,
*data,V0P,4.54,
*data,V0P,4.89,
*data,V0P,50.87,
*data,V0P,511.42,
*data,V0P,54.99,
*data,V0P,57.12,
*data,V0P,6.09,
*data,V0P,6.3,
*data,V0P,6.41,
*data,V0P,7.1,
*data,V0P,74.16,
*data,V0P,81.25,
*data,V0P,8274.2,
*data,V0P,9.22,
*data,V0P,9.83,
*data,V0R,0.13,
*data,V0R,0.2,
*data,V0R,0.22,
*data,V0R,0.26,
*data,V0R,0.33,
*data,V0R,0.35,
*data,V0R,0.38,
*data,V0R,0.39,
*data,V0R,0.39,
*data,V0R,0.42,
*data,V0R,0.43,
*data,V0R,0.46,
*data,V0R,0.46,
*data,V0R,0.46,
*data,V0R,0.47,
*data,V0R,0.5,
*data,V0R,0.53,
*data,V0R,0.53,
*data,V0R,0.55,
*data,V0R,0.55,
*data,V0R,0.56,
*data,V0R,0.59,
*data,V0R,0.59,
*data,V0R,0.59,
*data,V0R,0.61,
*data,V0R,0.63,
*data,V0R,0.64,
*data,V0R,0.66,
*data,V0R,0.67,
*data,V0R,0.68,
*data,V0R,0.71,
*data,V0R,0.72,
*data,V0R,0.73,
*data,V0R,0.75,
*data,V0R,0.76,
*data,V0R,0.76,
*data,V0R,0.77,
*data,V0R,0.8,
*data,V0R,0.8,
*data,V0R,0.8,
*data,V0R,0.82,
*data,V0R,0.89,
*data,V0R,0.94,
*data,V0R,0.96,
*data,V0R,0.98,
*data,V0R,1.01,
*data,V0R,1.13,
*data,V0R,1.16,
*data,V0R,1.19,
*data,V0R,1.41,
*data,V0R,1.79,
*data,V0R,11.34,
*data,V0R,15.37,
*data,V0R,150.26,
*data,V0R,2.13,
*data,V0R,2.31,
*data,V0R,2.79,
*data,V0R,21.7,
*data,V0R,255.69,
*data,V0R,26.62,
*data,V0R,3.55,
*data,V0R,3.69,
*data,V0R,3.93,
*data,V0R,30.11,
*data,V0R,31.31,
*data,V0R,361.78,
*data,V0R,4.11,
*data,V0R,5.72,
*data,V0R,51.61,
*data,V0R,53.51,
*data,V0R,67.81,
*data,V0R,7.61,
*data,V0R,7323.35,
*data,V0R,75.95,
*data,V0R,9.25,
*data,V0S,0.01,
*data,V0S,0.08,
*data,V0S,0.1,
*data,V0S,1945,
*data,V0T,0.33,
*data,V0T,0.36,
*data,V0T,0.45,
*data,V0T,0.52,
*data,V0T,0.54,
*data,V0T,0.57,
*data,V0T,0.58,
*data,V0T,0.59,
*data,V0T,0.61,
*data,V0T,0.65,
*data,V0T,0.66,
*data,V0T,0.67,
*data,V0T,0.67,
*data,V0T,0.68,
*data,V0T,0.69,
*data,V0T,0.7,
*data,V0T,0.7,
*data,V0T,0.73,
*data,V0T,0.73,
*data,V0T,0.74,
*data,V0T,0.75,
*data,V0T,0.78,
*data,V0T,0.8,
*data,V0T,0.82,
*data,V0T,0.82,
*data,V0T,0.83,
*data,V0T,0.83,
*data,V0T,0.84,
*data,V0T,0.85,
*data,V0T,0.88,
*data,V0T,0.89,
*data,V0T,0.91,
*data,V0T,0.92,
*data,V0T,0.94,
*data,V0T,0.95,
*data,V0T,0.98,
*data,V0T,0.98,
*data,V0T,0.99,
*data,V0T,1,
*data,V0T,1.01,
*data,V0T,1.03,
*data,V0T,1.05,
*data,V0T,1.06,
*data,V0T,1.1,
*data,V0T,1.12,
*data,V0T,1.13,
*data,V0T,1.15,
*data,V0T,1.25,
*data,V0T,1.26,
*data,V0T,1.37,
*data,V0T,1.4,
*data,V0T,1.54,
*data,V0T,1.62,
*data,V0T,10.13,
*data,V0T,10.94,
*data,V0T,106.33,
*data,V0T,112.57,
*data,V0T,116.75,
*data,V0T,12.73,
*data,V0T,123.5,
*data,V0T,13.16,
*data,V0T,13.18,
*data,V0T,13.21,
*data,V0T,13.41,
*data,V0T,131.69,
*data,V0T,14.95,
*data,V0T,157.14,
*data,V0T,158.21,
*data,V0T,164.48,
*data,V0T,165.32,
*data,V0T,2,
*data,V0T,2.02,
*data,V0T,2.08,
*data,V0T,2.13,
*data,V0T,2.23,
*data,V0T,2.31,
*data,V0T,2.39,
*data,V0T,2.47,
*data,V0T,2.5,
*data,V0T,2.57,
*data,V0T,2.62,
*data,V0T,2.75,
*data,V0T,2.88,
*data,V0T,212.97,
*data,V0T,22.3,
*data,V0T,2207.52,
*data,V0T,222.42,
*data,V0T,239.01,
*data,V0T,25.73,
*data,V0T,2573.51,
*data,V0T,263.52,
*data,V0T,270.11,
*data,V0T,28856.8,
*data,V0T,3.12,
*data,V0T,3.13,
*data,V0T,3.29,
*data,V0T,31.57,
*data,V0T,34.02,
*data,V0T,34.38,
*data,V0T,35.31,
*data,V0T,36.23,
*data,V0T,370.12,
*data,V0T,39.67,
*data,V0T,4.17,
*data,V0T,4.19,
*data,V0T,4.6,
*data,V0T,4.74,
*data,V0T,4.8,
*data,V0T,4.83,
*data,V0T,4.91,
*data,V0T,4.98,
*data,V0T,40.34,
*data,V0T,40.83,
*data,V0T,402.83,
*data,V0T,42.05,
*data,V0T,42.8,
*data,V0T,5.09,
*data,V0T,5.35,
*data,V0T,5.9,
*data,V0T,5.97,
*data,V0T,58.96,
*data,V0T,59.74,
*data,V0T,6.5,
*data,V0T,6.82,
*data,V0T,6790.13,
*data,V0T,80.91,
*data,V0T,88.74,
*data,V0T,9.77,
*data,V0V,0.09,
*data,V0V,0.38,
*data,V0V,0.48,
*data,V0V,0.64,
*data,V0V,0.68,
*data,V0V,0.69,
*data,V0V,0.71,
*data,V0V,0.78,
*data,V0V,0.86,
*data,V0V,0.92,
*data,V0V,0.94,
*data,V0V,0.94,
*data,V0V,0.95,
*data,V0V,1.01,
*data,V0V,1.05,
*data,V0V,1.09,
*data,V0V,1.3,
*data,V0V,1.35,
*data,V0V,1.41,
*data,V0V,1.43,
*data,V0V,1.44,
*data,V0V,1.46,
*data,V0V,1.47,
*data,V0V,1.54,
*data,V0V,1.6,
*data,V0V,1.91,
*data,V0V,10.51,
*data,V0V,10.9,
*data,V0V,110.4,
*data,V0V,12.77,
*data,V0V,13.91,
*data,V0V,1334.81,
*data,V0V,14.43,
*data,V0V,18.11,
*data,V0V,2.16,
*data,V0V,2.28,
*data,V0V,2.79,
*data,V0V,272.03,
*data,V0V,2771.69,
*data,V0V,32.49,
*data,V0V,35.46,
*data,V0V,4.83,
*data,V0V,4.88,
*data,V0V,40.96,
*data,V0V,45.67,
*data,V0V,498.93,
*data,V0V,5,
*data,V0V,5.53,
*data,V0V,5.87,
*data,V0V,50.82,
*data,V0V,64.93,
*data,V0V,8.76,
*data,V0V,977.3,
*data,V0W,39827.11,
*data,V0X,9946.11,
*data,V1A,2167.72,
*data,V1B,19.26,
*data,V1B,94.25,
*data,V1C,2241.33,
*data,V1E,503.9,
*data,V1G,4681.8,
*data,V1J,267.43,
*data,V1J,516.62,
*data,V1K,0.33,
*data,V1L,1049.68,
*data,V1M,63.97,
*data,V1N,1850.54,
*data,V1R,446.81,
*data,V1S,4.29,
*data,V1T,1474.43,
*data,V1V,12.58,
*data,V1V,63.9,
*data,V1W,0.48,
*data,V1W,28.03,
*data,V1X,1396.11,
*data,V1X,4.62,
*data,V1Y,145.26,
*data,V1Y,175.26,
*data,V1Y,350.42,
*data,V1Z,77.8,
*data,V2A,10.72,
*data,V2A,512.73,
*data,V2B,1482.23,
*data,V2C,1204.75,
*data,V2C,1417.32,
*data,V2E,104.02,
*data,V2G,4.45,
*data,V2G,6761.12,
*data,V2H,14.91,
*data,V2J,12836.43,
*data,V2K,78.24,
*data,V2L,12.45,
*data,V2L,430.68,
*data,V2M,11.76,
*data,V2N,6998.21,
*data,V2P,118.97,
*data,V2R,268,
*data,V2S,48.09,
*data,V2T,31.26,
*data,V2V,623.98,
*data,V2W,3.6,
*data,V2W,6.42,
*data,V2X,1606.28,
*data,V2Y,46.19,
*data,V2Z,88.22,
*data,V3A,22.48,
*data,V3B,32.89,
*data,V3C,29.94,
*data,V3E,68.56,
*data,V3G,187.8,
*data,V3H,55.5,
*data,V3J,15.09,
*data,V3K,9.76,
*data,V3L,0.06,
*data,V3L,8.14,
*data,V3M,9.99,
*data,V3N,19.97,
*data,V3R,33.15,
*data,V3S,65.84,
*data,V3T,8.02,
*data,V3V,19.78,
*data,V3W,24.2,
*data,V3X,14.69,
*data,V3Y,99.38,
*data,V4A,50.4,
*data,V4B,18.05,
*data,V4C,14.14,
*data,V4E,7.98,
*data,V4K,0.01,
*data,V4K,0.08,
*data,V4K,0.49,
*data,V4K,10.11,
*data,V4K,204.05,
*data,V4L,16.14,
*data,V4M,9.24,
*data,V4N,60.94,
*data,V4P,99.94,
*data,V4R,23.54,
*data,V4R,4.34,
*data,V4S,3.25,
*data,V4T,290.55,
*data,V4V,332.03,
*data,V4W,106.16,
*data,V4X,147,
*data,V4Z,662.08,
*data,V5A,23.87,
*data,V5B,12.08,
*data,V5C,6.78,
*data,V5E,6.69,
*data,V5G,12.46,
*data,V5H,5.71,
*data,V5J,5.87,
*data,V5K,6.62,
*data,V5L,4.96,
*data,V5M,4.82,
*data,V5N,5.18,
*data,V5P,5.72,
*data,V5R,5.96,
*data,V5S,7.48,
*data,V5T,4.03,
*data,V5V,3.69,
*data,V5W,3.72,
*data,V5X,6.25,
*data,V5Y,0.32,
*data,V5Y,2.5,
*data,V5Z,0.31,
*data,V5Z,0.89,
*data,V5Z,2.07,
*data,V6A,5.11,
*data,V6B,2.80E-03,
*data,V6B,3.17,
*data,V6E,2.26,
*data,V6G,7.05,
*data,V6H,0.11,
*data,V6H,2.66,
*data,V6J,0.05,
*data,V6J,4.14,
*data,V6K,3.01,
*data,V6L,3.27,
*data,V6M,4.9,
*data,V6N,0.05,
*data,V6N,7.38,
*data,V6P,9.05,
*data,V6R,5.52,
*data,V6S,2.64,
*data,V6T,14.29,
*data,V6V,0.01,
*data,V6V,1.27,
*data,V6V,31.46,
*data,V6W,1.11,
*data,V6W,17.12,
*data,V6X,15.02,
*data,V6Y,0.01,
*data,V6Y,10.17,
*data,V6Y,4.20E-03,
*data,V6Z,0.56,
*data,V7A,0.01,
*data,V7A,0.01,
*data,V7A,0.01,
*data,V7A,0.04,
*data,V7A,0.05,
*data,V7A,0.05,
*data,V7A,0.06,
*data,V7A,0.1,
*data,V7A,0.12,
*data,V7A,0.14,
*data,V7A,0.22,
*data,V7A,0.37,
*data,V7A,0.46,
*data,V7A,0.64,
*data,V7A,0.81,
*data,V7A,19.28,
*data,V7A,2.70E-03,
*data,V7A,5.30E-03,
*data,V7A,9.40E-03,
*data,V7B,0.02,
*data,V7B,0.03,
*data,V7B,0.06,
*data,V7B,0.13,
*data,V7B,17.15,
*data,V7C,10.56,
*data,V7E,0.14,
*data,V7E,9.11,
*data,V7G,849.18,
*data,V7H,40.95,
*data,V7J,29.36,
*data,V7K,8.22,
*data,V7L,12.23,
*data,V7M,3.16,
*data,V7N,18.41,
*data,V7P,8.17,
*data,V7R,26.68,
*data,V7S,69.79,
*data,V7T,1.10E-03,
*data,V7T,3.00E-03,
*data,V7T,4.03,
*data,V7V,7.26,
*data,V7W,0.05,
*data,V7W,2.10E-03,
*data,V7W,3.00E-03,
*data,V7W,7.80E-03,
*data,V7W,8.07,
*data,V8A,969.33,
*data,V8C,235,
*data,V8G,9953.94,
*data,V8J,0.96,
*data,V8J,1.2,
*data,V8J,1.28,
*data,V8J,1.3,
*data,V8J,1.36,
*data,V8J,1.57,
*data,V8J,1.57,
*data,V8J,1.99,
*data,V8J,10.52,
*data,V8J,104.84,
*data,V8J,13.37,
*data,V8J,145.45,
*data,V8J,18.1,
*data,V8J,2.15,
*data,V8J,2.25,
*data,V8J,2.29,
*data,V8J,25.01,
*data,V8J,32.67,
*data,V8J,3298.97,
*data,V8J,4.2,
*data,V8J,46.23,
*data,V8J,7.01,
*data,V8J,7.4,
*data,V8K,0.66,
*data,V8K,184.86,
*data,V8K,2.42,
*data,V8K,5.37,
*data,V8L,0.01,
*data,V8L,0.01,
*data,V8L,0.23,
*data,V8L,0.44,
*data,V8L,0.71,
*data,V8L,0.73,
*data,V8L,0.8,
*data,V8L,0.91,
*data,V8L,1.03,
*data,V8L,1.08,
*data,V8L,1.23,
*data,V8L,1.28,
*data,V8L,11.56,
*data,V8L,3.96,
*data,V8L,45.28,
*data,V8L,5.40E-03,
*data,V8L,9.00E-04,
*data,V8M,39.85,
*data,V8N,13.69,
*data,V8P,10.82,
*data,V8R,7.8,
*data,V8S,0.03,
*data,V8S,0.15,
*data,V8S,6.79,
*data,V8T,5.29,
*data,V8V,4.93,
*data,V8W,0.91,
*data,V8X,12.89,
*data,V8X,36.48,
*data,V8Y,10.84,
*data,V8Z,20.75,
*data,V8Z,6.1,
*data,V9A,0.01,
*data,V9A,0.01,
*data,V9A,14.73,
*data,V9B,0.02,
*data,V9B,0.09,
*data,V9B,0.31,
*data,V9B,139.86,
*data,V9B,8.10E-03,
*data,V9B,9.60E-03,
*data,V9C,19.43,
*data,V9C,2.00E-03,
*data,V9C,4.10E-03,
*data,V9C,5.40E-03,
*data,V9E,46.21,
*data,V9G,1,
*data,V9G,80.72,
*data,V9H,90.76,
*data,V9J,113.83,
*data,V9K,0.84,
*data,V9K,414.99,
*data,V9L,445.4,
*data,V9M,24.46,
*data,V9N,1139.39,
*data,V9P,45.53,
*data,V9R,0.79,
*data,V9R,90.24,
*data,V9S,0.7,
*data,V9S,10.44,
*data,V9T,0.81,
*data,V9T,1.17,
*data,V9T,33.26,
*data,V9V,8.15,
*data,V9W,36.08,
*data,V9X,975.06,
*data,V9Y,2091.59,
*data,X0A,1.07,
*data,X0A,102.84,
*data,X0A,1032.55,
*data,X0A,104.14,
*data,X0A,1040.07,
*data,X0A,1099.09,
*data,X0A,111.08,
*data,X0A,11340.17,
*data,X0A,11344.18,
*data,X0A,1152.86,
*data,X0A,1165.23,
*data,X0A,1169.74,
*data,X0A,119.14,
*data,X0A,124.88,
*data,X0A,125.02,
*data,X0A,125.78,
*data,X0A,125.78,
*data,X0A,126.65,
*data,X0A,126.93,
*data,X0A,131.51,
*data,X0A,1329.13,
*data,X0A,138.33,
*data,X0A,1404.46,
*data,X0A,1406.75,
*data,X0A,141.56,
*data,X0A,143.71,
*data,X0A,144.69,
*data,X0A,149.08,
*data,X0A,1531.81,
*data,X0A,159.37,
*data,X0A,159.73,
*data,X0A,15927.39,
*data,X0A,16.81,
*data,X0A,16135.34,
*data,X0A,164.6,
*data,X0A,166.64,
*data,X0A,17.05,
*data,X0A,1722.48,
*data,X0A,178.18,
*data,X0A,18.64,
*data,X0A,18.67,
*data,X0A,18.89,
*data,X0A,18.94,
*data,X0A,19.13,
*data,X0A,19.45,
*data,X0A,19.47,
*data,X0A,19.81,
*data,X0A,1919.01,
*data,X0A,196.76,
*data,X0A,20.15,
*data,X0A,20.21,
*data,X0A,20.49,
*data,X0A,20.78,
*data,X0A,20.84,
*data,X0A,207381.47,
*data,X0A,21,
*data,X0A,21.02,
*data,X0A,21.11,
*data,X0A,21.17,
*data,X0A,21.27,
*data,X0A,21.29,
*data,X0A,21.59,
*data,X0A,21.62,
*data,X0A,21.69,
*data,X0A,21.82,
*data,X0A,21.86,
*data,X0A,21.98,
*data,X0A,214.47,
*data,X0A,217.43,
*data,X0A,22.14,
*data,X0A,22.18,
*data,X0A,22.19,
*data,X0A,22.43,
*data,X0A,22.48,
*data,X0A,22.49,
*data,X0A,22.89,
*data,X0A,22.95,
*data,X0A,22.99,
*data,X0A,222.22,
*data,X0A,2284.56,
*data,X0A,229.3,
*data,X0A,23.08,
*data,X0A,23.19,
*data,X0A,23.19,
*data,X0A,23.29,
*data,X0A,23.32,
*data,X0A,23.42,
*data,X0A,23.62,
*data,X0A,23.75,
*data,X0A,23.78,
*data,X0A,23.91,
*data,X0A,23.97,
*data,X0A,232.11,
*data,X0A,23378.16,
*data,X0A,239.71,
*data,X0A,24.01,
*data,X0A,24.62,
*data,X0A,243.14,
*data,X0A,249.5,
*data,X0A,25.09,
*data,X0A,25.63,
*data,X0A,259.23,
*data,X0A,26.17,
*data,X0A,26.37,
*data,X0A,27.15,
*data,X0A,27.29,
*data,X0A,27.38,
*data,X0A,27.41,
*data,X0A,27.66,
*data,X0A,279.24,
*data,X0A,28.08,
*data,X0A,28.2,
*data,X0A,28.47,
*data,X0A,28.47,
*data,X0A,28.53,
*data,X0A,28.54,
*data,X0A,28.75,
*data,X0A,284.47,
*data,X0A,2852.32,
*data,X0A,29.1,
*data,X0A,29.12,
*data,X0A,29.61,
*data,X0A,29.78,
*data,X0A,29.93,
*data,X0A,290.82,
*data,X0A,2982.85,
*data,X0A,30.15,
*data,X0A,30.21,
*data,X0A,30.4,
*data,X0A,30.68,
*data,X0A,30.79,
*data,X0A,30.8,
*data,X0A,30.92,
*data,X0A,31.11,
*data,X0A,31.42,
*data,X0A,31.55,
*data,X0A,31.68,
*data,X0A,31.78,
*data,X0A,3108.86,
*data,X0A,315.59,
*data,X0A,321.17,
*data,X0A,327,
*data,X0A,33.72,
*data,X0A,33.83,
*data,X0A,33.98,
*data,X0A,333.7,
*data,X0A,34.7,
*data,X0A,348.19,
*data,X0A,35.06,
*data,X0A,35.24,
*data,X0A,36.31,
*data,X0A,36.5,
*data,X0A,36.55,
*data,X0A,36.66,
*data,X0A,36.96,
*data,X0A,361.66,
*data,X0A,37.14,
*data,X0A,37.14,
*data,X0A,37.35,
*data,X0A,37.67,
*data,X0A,37.98,
*data,X0A,38.09,
*data,X0A,38.14,
*data,X0A,38.18,
*data,X0A,38.51,
*data,X0A,38.59,
*data,X0A,38.6,
*data,X0A,386.12,
*data,X0A,39.28,
*data,X0A,39.3,
*data,X0A,39.47,
*data,X0A,39.56,
*data,X0A,40.3,
*data,X0A,400.83,
*data,X0A,41.41,
*data,X0A,417.72,
*data,X0A,419.75,
*data,X0A,42.78,
*data,X0A,42184.16,
*data,X0A,42519.22,
*data,X0A,429.5,
*data,X0A,44.51,
*data,X0A,44.84,
*data,X0A,46.07,
*data,X0A,46.59,
*data,X0A,46.82,
*data,X0A,46.95,
*data,X0A,469.17,
*data,X0A,47.87,
*data,X0A,47.88,
*data,X0A,472.66,
*data,X0A,48.9,
*data,X0A,49.41,
*data,X0A,50.28,
*data,X0A,50.76,
*data,X0A,50.77,
*data,X0A,502.59,
*data,X0A,5036.25,
*data,X0A,518228.72,
*data,X0A,52.69,
*data,X0A,53.91,
*data,X0A,5310.85,
*data,X0A,54.33,
*data,X0A,54.46,
*data,X0A,558.18,
*data,X0A,55830.98,
*data,X0A,559.36,
*data,X0A,57.5,
*data,X0A,57.88,
*data,X0A,58.59,
*data,X0A,59.41,
*data,X0A,599.99,
*data,X0A,61.02,
*data,X0A,61.92,
*data,X0A,62.33,
*data,X0A,636.11,
*data,X0A,64.01,
*data,X0A,642.14,
*data,X0A,65.46,
*data,X0A,70,
*data,X0A,7039.42,
*data,X0A,709.12,
*data,X0A,71238.32,
*data,X0A,73.16,
*data,X0A,73.9,
*data,X0A,74.49,
*data,X0A,75.48,
*data,X0A,756.11,
*data,X0A,76.7,
*data,X0A,77.05,
*data,X0A,77.59,
*data,X0A,775.65,
*data,X0A,786.37,
*data,X0A,85.17,
*data,X0A,86.42,
*data,X0A,86.79,
*data,X0A,86.94,
*data,X0A,89.16,
*data,X0A,89.25,
*data,X0A,894.78,
*data,X0A,9114.48,
*data,X0A,913.25,
*data,X0A,914.33,
*data,X0A,92.85,
*data,X0A,93.73,
*data,X0A,94.2,
*data,X0A,9600.96,
*data,X0A,97.07,
*data,X0A,97.64,
*data,X0A,979.52,
*data,X0C,1000.58,
*data,X0C,21.02,
*data,X0C,28.49,
*data,X0C,34.38,
*data,X0C,43441.85,
*data,X0C,560329.31,
*data,X0C,5748.03,
*data,X0C,59.67,
*data,X0C,71.68,
*data,X0C,770.4,
*data,X0C,90.38,
*data,X0E,101.94,
*data,X0E,102.89,
*data,X0E,121.09,
*data,X0E,13161.16,
*data,X0E,1397266.92,
*data,X0E,141.83,
*data,X0E,160.22,
*data,X0E,1651.92,
*data,X0E,17.85,
*data,X0E,179.92,
*data,X0E,18.4,
*data,X0E,187.72,
*data,X0E,19.6,
*data,X0E,21.09,
*data,X0E,21.24,
*data,X0E,21.25,
*data,X0E,21.47,
*data,X0E,21.65,
*data,X0E,21.69,
*data,X0E,22.54,
*data,X0E,22.56,
*data,X0E,220319.6,
*data,X0E,221.81,
*data,X0E,23857.26,
*data,X0E,24.41,
*data,X0E,25.22,
*data,X0E,25.5,
*data,X0E,25.54,
*data,X0E,25.64,
*data,X0E,26.24,
*data,X0E,26.85,
*data,X0E,27.3,
*data,X0E,28.11,
*data,X0E,28.15,
*data,X0E,28.21,
*data,X0E,29.25,
*data,X0E,30.19,
*data,X0E,31.47,
*data,X0E,31.62,
*data,X0E,31.84,
*data,X0E,318.26,
*data,X0E,32.89,
*data,X0E,32.94,
*data,X0E,33.55,
*data,X0E,3324.88,
*data,X0E,34.53,
*data,X0E,35.69,
*data,X0E,36.35,
*data,X0E,37.09,
*data,X0E,37.63,
*data,X0E,383.74,
*data,X0E,39.55,
*data,X0E,41.65,
*data,X0E,4333.34,
*data,X0E,436.7,
*data,X0E,46.45,
*data,X0E,462.86,
*data,X0E,477.35,
*data,X0E,50.21,
*data,X0E,52.63,
*data,X0E,58.35,
*data,X0E,58.37,
*data,X0E,60.39,
*data,X0E,61.15,
*data,X0E,62.75,
*data,X0E,63.13,
*data,X0E,70579.86,
*data,X0E,72.56,
*data,X0E,73.78,
*data,X0E,78.09,
*data,X0E,79.45,
*data,X0E,91.52,
*data,X0E,92.69,
*data,X0E,93.87,
*data,X0G,125.77,
*data,X1A,136.74,
*data,X1A,81.95,
*data,Y0A,0.17,
*data,Y0A,61490.9,
*data,Y0B,1.15,
*data,Y0B,1.3,
*data,Y0B,1.3,
*data,Y0B,1.79,
*data,Y0B,101.5,
*data,Y0B,2.7,
*data,Y0B,408443.34,
*data,Y0B,5.18,
*data,Y1A,13570.43,
